2019onbar_f1m1,frc4476,frc1305,frc781,frc4903,frc1325,frc7664,62,70
2019onbar_f1m2,frc4476,frc1305,frc781,frc4903,frc1325,frc7664,68,67
2019onbar_f1m3,frc4476,frc1305,frc781,frc4903,frc1325,frc7664,77,67
2019onbar_qf1m1,frc4476,frc1305,frc781,frc2013,frc6331,frc6461,80,32
2019onbar_qf1m2,frc4476,frc1305,frc781,frc2013,frc6331,frc6461,89,55
2019onbar_qf2m1,frc6336,frc3655,frc4938,frc4688,frc216,frc3571,55,56
2019onbar_qf2m2,frc6336,frc3655,frc4938,frc4688,frc216,frc3571,54,45
2019onbar_qf2m3,frc6336,frc3655,frc4938,frc4688,frc216,frc3571,63,48
2019onbar_qf3m1,frc4903,frc1325,frc7664,frc4015,frc288,frc7757,71,54
2019onbar_qf3m2,frc4903,frc1325,frc7664,frc4015,frc288,frc7757,69,45
2019onbar_qf4m1,frc2634,frc4932,frc7200,frc2771,frc244,frc6481,65,33
2019onbar_qf4m2,frc2634,frc4932,frc7200,frc2771,frc244,frc6481,70,36
2019onbar_qm1,frc7200,frc7902,frc4903,frc3655,frc3571,frc4015,48,38
2019onbar_qm10,frc2771,frc3655,frc244,frc6461,frc3571,frc6544,53,42
2019onbar_qm11,frc1305,frc4932,frc2013,frc7757,frc7902,frc216,56,24
2019onbar_qm12,frc7664,frc4688,frc781,frc1325,frc288,frc4015,23,49
2019onbar_qm13,frc2634,frc4476,frc4903,frc6331,frc7200,frc4938,67,26
2019onbar_qm14,frc7757,frc244,frc3571,frc6336,frc2771,frc4932,24,46
2019onbar_qm15,frc2013,frc7200,frc1325,frc288,frc7902,frc3655,49,40
2019onbar_qm16,frc2634,frc6331,frc216,frc1305,frc6461,frc4015,48,58
2019onbar_qm17,frc4688,frc4476,frc6481,frc7664,frc6544,frc4903,66,40
2019onbar_qm18,frc4938,frc2634,frc1305,frc781,frc4015,frc6336,70,46
2019onbar_qm19,frc244,frc2013,frc6481,frc6544,frc216,frc1325,12,63
2019onbar_qm2,frc6331,frc6461,frc288,frc2771,frc6544,frc2013,37,26
2019onbar_qm20,frc7902,frc6461,frc7664,frc4938,frc2771,frc4476,56,65
2019onbar_qm21,frc4688,frc4903,frc288,frc3655,frc6331,frc3571,60,53
2019onbar_qm22,frc7757,frc4932,frc4015,frc781,frc6461,frc7200,41,45
2019onbar_qm23,frc6336,frc4938,frc2013,frc3571,frc4903,frc1305,30,77
2019onbar_qm24,frc4688,frc6331,frc781,frc4932,frc244,frc4476,25,51
2019onbar_qm25,frc1325,frc7664,frc7757,frc6544,frc7200,frc3655,77,47
2019onbar_qm26,frc288,frc216,frc2771,frc6481,frc7902,frc2634,51,41
2019onbar_qm27,frc781,frc2013,frc3655,frc4476,frc7664,frc7200,44,54
2019onbar_qm28,frc4015,frc6481,frc4903,frc244,frc1305,frc7757,44,69
2019onbar_qm29,frc1325,frc4938,frc6461,frc4932,frc3571,frc288,62,50
2019onbar_qm3,frc4688,frc1305,frc216,frc6481,frc244,frc7664,63,29
2019onbar_qm30,frc2771,frc6544,frc6331,frc7902,frc6336,frc4688,39,51
2019onbar_qm31,frc6461,frc2634,frc781,frc216,frc7664,frc1325,36,47
2019onbar_qm32,frc4015,frc3655,frc7757,frc288,frc1305,frc4476,60,83
2019onbar_qm33,frc4938,frc216,frc6481,frc7902,frc6331,frc6544,27,36
2019onbar_qm34,frc7200,frc4688,frc3571,frc244,frc6336,frc2634,39,40
2019onbar_qm35,frc6481,frc2771,frc4932,frc2013,frc4903,frc3655,47,52
2019onbar_qm36,frc3571,frc7664,frc4938,frc1325,frc244,frc781,38,54
2019onbar_qm37,frc7200,frc2771,frc1305,frc4476,frc4688,frc288,67,77
2019onbar_qm38,frc2634,frc7757,frc6544,frc2013,frc4015,frc7902,71,27
2019onbar_qm39,frc4932,frc216,frc6461,frc4903,frc6336,frc6331,44,55
2019onbar_qm4,frc7757,frc4476,frc6336,frc4938,frc4932,frc2634,50,51
2019onbar_qm40,frc1305,frc244,frc7200,frc6544,frc4938,frc4688,70,28
2019onbar_qm41,frc6336,frc2013,frc3571,frc781,frc6481,frc6461,49,42
2019onbar_qm42,frc6331,frc1325,frc7902,frc216,frc7757,frc4903,48,82
2019onbar_qm43,frc3655,frc4932,frc7664,frc2634,frc4015,frc2771,64,57
2019onbar_qm44,frc4476,frc3571,frc6544,frc288,frc7757,frc6331,28,45
2019onbar_qm45,frc1305,frc781,frc7902,frc3655,frc6481,frc4688,87,50
2019onbar_qm46,frc6461,frc4903,frc244,frc288,frc2634,frc4938,73,56
2019onbar_qm47,frc7200,frc4015,frc216,frc2771,frc6336,frc7664,47,43
2019onbar_qm48,frc4476,frc2013,frc6461,frc4932,frc1325,frc4688,61,76
2019onbar_qm49,frc216,frc3655,frc6336,frc244,frc4015,frc4938,62,52
2019onbar_qm5,frc4015,frc3655,frc1325,frc3571,frc781,frc2771,74,30
2019onbar_qm50,frc7902,frc4476,frc2771,frc3571,frc1325,frc2634,57,60
2019onbar_qm51,frc6544,frc288,frc6481,frc4903,frc781,frc4932,51,69
2019onbar_qm52,frc7664,frc1305,frc6331,frc2013,frc7200,frc7757,65,47
2019onbar_qm6,frc4932,frc6544,frc244,frc7664,frc2634,frc2013,43,47
2019onbar_qm7,frc6481,frc1325,frc6336,frc6461,frc4688,frc7757,59,51
2019onbar_qm8,frc4903,frc4938,frc7902,frc216,frc781,frc4476,36,49
2019onbar_qm9,frc6336,frc288,frc7200,frc6331,frc6481,frc1305,36,63
2019onbar_sf1m1,frc4476,frc1305,frc781,frc6336,frc3655,frc4938,77,52
2019onbar_sf1m2,frc4476,frc1305,frc781,frc6336,frc3655,frc4938,83,54
2019onbar_sf2m1,frc4903,frc1325,frc7664,frc2634,frc4932,frc7200,61,30
2019onbar_sf2m2,frc4903,frc1325,frc7664,frc2634,frc4932,frc7200,69,39
2019oncmp1_f1m1,frc1241,frc1114,frc771,frc1325,frc188,frc2994,97,89
2019oncmp1_f1m2,frc1241,frc1114,frc771,frc1325,frc188,frc2994,125,74
2019oncmp1_qf1m1,frc1241,frc1114,frc771,frc4525,frc4976,frc6378,87,74
2019oncmp1_qf1m2,frc1241,frc1114,frc771,frc4525,frc4976,frc6378,94,78
2019oncmp1_qf2m1,frc4946,frc4476,frc4519,frc865,frc4783,frc7558,76,75
2019oncmp1_qf2m2,frc4946,frc4476,frc4519,frc865,frc4783,frc7558,86,72
2019oncmp1_qf3m1,frc1325,frc188,frc2994,frc4152,frc7022,frc6461,88,59
2019oncmp1_qf3m2,frc1325,frc188,frc2994,frc4152,frc7022,frc6461,86,85
2019oncmp1_qf4m1,frc1305,frc1310,frc4939,frc5024,frc4932,frc5483,64,79
2019oncmp1_qf4m2,frc1305,frc1310,frc4939,frc5024,frc4932,frc5483,71,55
2019oncmp1_qf4m3,frc1305,frc1310,frc4939,frc5024,frc4932,frc5483,95,55
2019oncmp1_qm1,frc7022,frc1114,frc5834,frc2994,frc854,frc4152,82,70
2019oncmp1_qm10,frc4152,frc5024,frc7136,frc1310,frc772,frc4476,80,89
2019oncmp1_qm11,frc6378,frc4946,frc4939,frc188,frc6135,frc7664,60,62
2019oncmp1_qm12,frc2994,frc2198,frc5672,frc7520,frc4525,frc1075,64,60
2019oncmp1_qm13,frc1114,frc1325,frc4519,frc5036,frc2935,frc7558,113,41
2019oncmp1_qm14,frc5834,frc6461,frc1310,frc7022,frc5483,frc188,65,74
2019oncmp1_qm15,frc7722,frc4946,frc5672,frc4936,frc1305,frc6378,65,68
2019oncmp1_qm16,frc1241,frc4939,frc7136,frc5036,frc771,frc907,53,59
2019oncmp1_qm17,frc854,frc4976,frc4476,frc4525,frc2994,frc2935,83,76
2019oncmp1_qm18,frc1075,frc865,frc4152,frc7558,frc1325,frc4932,78,96
2019oncmp1_qm19,frc6461,frc3739,frc4519,frc6135,frc5024,frc7520,57,61
2019oncmp1_qm2,frc1305,frc7722,frc865,frc7136,frc5483,frc4976,72,70
2019oncmp1_qm20,frc772,frc7664,frc2198,frc4783,frc1114,frc5483,52,83
2019oncmp1_qm21,frc5672,frc907,frc1305,frc188,frc7558,frc4152,61,93
2019oncmp1_qm22,frc1075,frc7722,frc5036,frc1241,frc4932,frc7022,77,78
2019oncmp1_qm23,frc3739,frc7136,frc4525,frc2935,frc7664,frc5483,50,82
2019oncmp1_qm24,frc6378,frc865,frc7520,frc1114,frc771,frc772,48,85
2019oncmp1_qm25,frc4939,frc1310,frc4783,frc4976,frc1325,frc2994,73,62
2019oncmp1_qm26,frc5024,frc4946,frc4476,frc2198,frc6461,frc4936,73,68
2019oncmp1_qm27,frc854,frc5834,frc907,frc865,frc4519,frc6135,74,72
2019oncmp1_qm28,frc4152,frc5672,frc4525,frc772,frc7022,frc6378,69,66
2019oncmp1_qm29,frc2994,frc5024,frc7722,frc1114,frc188,frc4946,60,102
2019oncmp1_qm3,frc4946,frc2935,frc1075,frc4783,frc907,frc6135,49,62
2019oncmp1_qm30,frc7558,frc5483,frc1310,frc4936,frc7520,frc2935,92,51
2019oncmp1_qm31,frc3739,frc4976,frc6135,frc7136,frc1325,frc6461,76,90
2019oncmp1_qm32,frc1305,frc4783,frc771,frc1241,frc4519,frc4476,71,75
2019oncmp1_qm33,frc5036,frc5834,frc4932,frc1075,frc2198,frc854,67,57
2019oncmp1_qm34,frc7664,frc7558,frc865,frc4939,frc2994,frc3739,77,74
2019oncmp1_qm35,frc6135,frc4476,frc1305,frc1325,frc4525,frc772,90,73
2019oncmp1_qm36,frc6378,frc7722,frc1114,frc907,frc2935,frc5024,73,64
2019oncmp1_qm37,frc4936,frc5036,frc4783,frc4946,frc4152,frc5834,62,75
2019oncmp1_qm38,frc7664,frc4519,frc854,frc5672,frc1310,frc1241,57,91
2019oncmp1_qm39,frc7520,frc5483,frc4932,frc4939,frc4976,frc7022,65,68
2019oncmp1_qm4,frc7520,frc771,frc1325,frc6461,frc7664,frc5024,65,84
2019oncmp1_qm40,frc7136,frc2198,frc188,frc771,frc1075,frc6461,75,64
2019oncmp1_qm41,frc4525,frc1310,frc4946,frc865,frc772,frc5834,85,57
2019oncmp1_qm42,frc4932,frc6135,frc2994,frc3739,frc6378,frc5036,80,76
2019oncmp1_qm43,frc771,frc7022,frc5672,frc1325,frc4783,frc5024,67,79
2019oncmp1_qm44,frc2935,frc854,frc1114,frc6461,frc1241,frc188,86,88
2019oncmp1_qm45,frc4519,frc1075,frc4976,frc4939,frc1305,frc7664,67,78
2019oncmp1_qm46,frc4476,frc4936,frc7558,frc7722,frc2198,frc5483,97,61
2019oncmp1_qm47,frc7520,frc4152,frc1241,frc907,frc7136,frc1310,69,70
2019oncmp1_qm48,frc772,frc2935,frc4783,frc854,frc4939,frc5036,74,57
2019oncmp1_qm49,frc188,frc4936,frc1325,frc4525,frc6135,frc6378,85,68
2019oncmp1_qm5,frc1241,frc5036,frc772,frc4936,frc3739,frc5672,80,58
2019oncmp1_qm50,frc7664,frc5672,frc4932,frc4476,frc6461,frc1114,63,92
2019oncmp1_qm51,frc2198,frc5024,frc1305,frc7022,frc907,frc3739,62,66
2019oncmp1_qm52,frc4152,frc4519,frc5483,frc771,frc4976,frc4946,63,74
2019oncmp1_qm53,frc5834,frc2994,frc7136,frc7558,frc7520,frc7722,64,68
2019oncmp1_qm54,frc1075,frc188,frc4783,frc865,frc3739,frc1114,65,89
2019oncmp1_qm55,frc5483,frc4476,frc4939,frc4519,frc5672,frc6378,70,65
2019oncmp1_qm56,frc1325,frc2198,frc6135,frc1310,frc7722,frc771,70,71
2019oncmp1_qm57,frc907,frc6461,frc772,frc5036,frc2994,frc1305,50,74
2019oncmp1_qm58,frc7022,frc4936,frc1075,frc854,frc7136,frc865,64,69
2019oncmp1_qm59,frc5024,frc1241,frc4976,frc5834,frc7558,frc4525,100,59
2019oncmp1_qm6,frc4932,frc6378,frc188,frc4519,frc1310,frc2198,75,61
2019oncmp1_qm60,frc4946,frc7520,frc7664,frc4932,frc4152,frc2935,82,87
2019oncmp1_qm61,frc5672,frc1114,frc4939,frc6135,frc771,frc7136,76,64
2019oncmp1_qm62,frc4525,frc5036,frc4976,frc5483,frc1075,frc5024,73,59
2019oncmp1_qm63,frc772,frc7520,frc854,frc4946,frc1241,frc1325,75,102
2019oncmp1_qm64,frc6461,frc4152,frc7022,frc7722,frc4936,frc4519,78,48
2019oncmp1_qm65,frc4476,frc188,frc907,frc5834,frc7664,frc3739,80,60
2019oncmp1_qm66,frc2994,frc4783,frc7558,frc4932,frc1305,frc1310,74,79
2019oncmp1_qm67,frc2935,frc865,frc1241,frc2198,frc6378,frc4152,77,64
2019oncmp1_qm68,frc7722,frc7022,frc854,frc4476,frc1075,frc7664,58,57
2019oncmp1_qm69,frc5024,frc4525,frc4936,frc771,frc4932,frc4939,79,61
2019oncmp1_qm7,frc7558,frc4939,frc907,frc7022,frc4476,frc4525,58,83
2019oncmp1_qm70,frc1310,frc188,frc2994,frc4519,frc7520,frc5036,88,62
2019oncmp1_qm71,frc7136,frc7558,frc6378,frc4783,frc4946,frc6461,59,86
2019oncmp1_qm72,frc1114,frc907,frc2198,frc4976,frc772,frc1305,83,81
2019oncmp1_qm73,frc1325,frc3739,frc2935,frc5483,frc5672,frc5834,92,70
2019oncmp1_qm74,frc6135,frc5036,frc6461,frc4783,frc4525,frc865,62,47
2019oncmp1_qm75,frc5024,frc4932,frc4519,frc7664,frc1114,frc7136,70,77
2019oncmp1_qm76,frc4152,frc772,frc7722,frc5834,frc4939,frc1075,50,79
2019oncmp1_qm77,frc2935,frc6378,frc771,frc1305,frc854,frc7558,54,59
2019oncmp1_qm78,frc5483,frc6135,frc4936,frc907,frc1241,frc2994,76,69
2019oncmp1_qm79,frc188,frc865,frc4976,frc5672,frc4476,frc7520,91,55
2019oncmp1_qm8,frc3739,frc854,frc771,frc4976,frc4783,frc7722,43,77
2019oncmp1_qm80,frc1310,frc7022,frc1325,frc2198,frc3739,frc4946,99,64
2019oncmp1_qm9,frc1305,frc5834,frc1241,frc865,frc4932,frc4936,80,70
2019oncmp1_sf1m1,frc1241,frc1114,frc771,frc4946,frc4476,frc4519,91,84
2019oncmp1_sf1m2,frc1241,frc1114,frc771,frc4946,frc4476,frc4519,105,77
2019oncmp1_sf2m1,frc1325,frc188,frc2994,frc1305,frc1310,frc4939,90,84
2019oncmp1_sf2m2,frc1325,frc188,frc2994,frc1305,frc1310,frc4939,103,90
2019oncmp2_f1m1,frc3683,frc2056,frc4907,frc5406,frc2200,frc4814,100,87
2019oncmp2_f1m2,frc3683,frc2056,frc4907,frc5406,frc2200,frc4814,100,51
2019oncmp2_qf1m1,frc3683,frc2056,frc4907,frc1360,frc4920,frc4039,118,55
2019oncmp2_qf1m2,frc3683,frc2056,frc4907,frc1360,frc4920,frc4039,112,73
2019oncmp2_qf2m1,frc610,frc2852,frc1285,frc4069,frc6867,frc2706,87,87
2019oncmp2_qf2m2,frc610,frc2852,frc1285,frc4069,frc6867,frc2706,97,47
2019oncmp2_qf3m1,frc5406,frc2200,frc4814,frc5885,frc4688,frc4903,95,78
2019oncmp2_qf3m2,frc5406,frc2200,frc4814,frc5885,frc4688,frc4903,77,77
2019oncmp2_qf3m3,frc5406,frc2200,frc4814,frc5885,frc4688,frc4903,105,78
2019oncmp2_qf4m1,frc4917,frc2386,frc4992,frc4678,frc2702,frc7757,68,74
2019oncmp2_qf4m2,frc4917,frc2386,frc4992,frc4678,frc2702,frc7757,67,85
2019oncmp2_qm1,frc4814,frc6336,frc5409,frc5406,frc6878,frc6070,45,75
2019oncmp2_qm10,frc6140,frc5406,frc4992,frc2200,frc7757,frc4069,83,75
2019oncmp2_qm11,frc610,frc4343,frc4678,frc6867,frc4903,frc1360,67,77
2019oncmp2_qm12,frc2056,frc6336,frc2706,frc6878,frc2386,frc7480,89,61
2019oncmp2_qm13,frc4039,frc4618,frc2702,frc2634,frc4920,frc746,61,40
2019oncmp2_qm14,frc7476,frc2852,frc5409,frc5719,frc7757,frc6070,72,63
2019oncmp2_qm15,frc2200,frc6987,frc2056,frc6336,frc4917,frc610,98,95
2019oncmp2_qm16,frc6140,frc746,frc7800,frc7480,frc4914,frc4920,59,66
2019oncmp2_qm17,frc4039,frc5885,frc5406,frc2852,frc4992,frc1360,85,72
2019oncmp2_qm18,frc3683,frc4814,frc6878,frc4069,frc6141,frc1285,85,74
2019oncmp2_qm19,frc2386,frc4903,frc4618,frc2702,frc4343,frc4907,75,71
2019oncmp2_qm2,frc7480,frc6867,frc4039,frc4914,frc4907,frc4917,71,70
2019oncmp2_qm20,frc4688,frc2706,frc2634,frc6070,frc4678,frc6867,76,80
2019oncmp2_qm21,frc6141,frc4920,frc6987,frc6336,frc1360,frc2200,57,76
2019oncmp2_qm22,frc6878,frc4914,frc5885,frc7476,frc4618,frc4343,87,48
2019oncmp2_qm23,frc2634,frc5719,frc4907,frc2702,frc746,frc4688,55,57
2019oncmp2_qm24,frc4039,frc610,frc4814,frc2706,frc7480,frc7757,65,54
2019oncmp2_qm25,frc4903,frc7800,frc6070,frc3683,frc6140,frc2056,48,100
2019oncmp2_qm26,frc5409,frc4069,frc5406,frc6867,frc2386,frc2852,64,73
2019oncmp2_qm27,frc4920,frc4678,frc1285,frc7476,frc4992,frc4917,67,72
2019oncmp2_qm28,frc746,frc1360,frc4907,frc6878,frc7757,frc610,60,82
2019oncmp2_qm29,frc5885,frc7480,frc4903,frc6141,frc2634,frc5406,56,88
2019oncmp2_qm3,frc1285,frc7757,frc2386,frc5885,frc4688,frc4678,68,78
2019oncmp2_qm30,frc4343,frc6070,frc1285,frc2852,frc4917,frc4069,58,66
2019oncmp2_qm31,frc6140,frc6867,frc5409,frc2702,frc2056,frc4678,62,99
2019oncmp2_qm32,frc2706,frc4814,frc2386,frc4618,frc5719,frc2200,62,62
2019oncmp2_qm33,frc4992,frc4688,frc3683,frc7800,frc6987,frc4039,81,56
2019oncmp2_qm34,frc6336,frc5406,frc2852,frc7476,frc4914,frc2702,74,48
2019oncmp2_qm35,frc5409,frc7480,frc6070,frc4907,frc2200,frc6141,39,82
2019oncmp2_qm36,frc5719,frc3683,frc6987,frc746,frc5885,frc6867,72,68
2019oncmp2_qm37,frc1360,frc4814,frc4688,frc2386,frc4920,frc2056,65,86
2019oncmp2_qm38,frc4917,frc4618,frc1285,frc7757,frc4903,frc6140,59,47
2019oncmp2_qm39,frc4069,frc4992,frc6336,frc7800,frc2634,frc610,80,64
2019oncmp2_qm4,frc2200,frc7800,frc4343,frc746,frc7476,frc2706,85,69
2019oncmp2_qm40,frc2706,frc6878,frc4343,frc4914,frc4039,frc4678,64,66
2019oncmp2_qm41,frc6141,frc6867,frc4688,frc7480,frc4814,frc7476,73,56
2019oncmp2_qm42,frc4920,frc2200,frc5406,frc4618,frc4907,frc610,91,69
2019oncmp2_qm43,frc4903,frc2702,frc6987,frc2706,frc5409,frc4039,71,53
2019oncmp2_qm44,frc4069,frc6070,frc4914,frc7757,frc5885,frc2056,59,101
2019oncmp2_qm45,frc2386,frc6336,frc7800,frc1285,frc746,frc4992,53,51
2019oncmp2_qm46,frc2634,frc6878,frc6140,frc4917,frc4343,frc5719,73,95
2019oncmp2_qm47,frc4678,frc1360,frc2706,frc2852,frc3683,frc7480,84,103
2019oncmp2_qm48,frc7757,frc4039,frc6141,frc7800,frc2056,frc6867,58,81
2019oncmp2_qm49,frc610,frc2200,frc4688,frc5409,frc1285,frc4914,93,72
2019oncmp2_qm5,frc6140,frc2702,frc5719,frc6141,frc3683,frc1360,65,64
2019oncmp2_qm50,frc5719,frc7476,frc6878,frc5406,frc3683,frc4903,55,93
2019oncmp2_qm51,frc4678,frc6987,frc2634,frc4907,frc6140,frc4069,74,65
2019oncmp2_qm52,frc746,frc4343,frc2852,frc4814,frc6070,frc4992,72,63
2019oncmp2_qm53,frc4920,frc1360,frc4917,frc5885,frc2702,frc6336,82,74
2019oncmp2_qm54,frc2386,frc6141,frc7476,frc4618,frc6987,frc6140,68,43
2019oncmp2_qm55,frc4914,frc2852,frc2200,frc6867,frc2634,frc3683,82,74
2019oncmp2_qm56,frc7757,frc4992,frc4907,frc2702,frc6878,frc4920,59,63
2019oncmp2_qm57,frc4618,frc7480,frc6336,frc4688,frc5719,frc4903,71,82
2019oncmp2_qm58,frc1285,frc7800,frc2706,frc5406,frc2056,frc4343,79,96
2019oncmp2_qm59,frc4039,frc6070,frc4917,frc1360,frc4069,frc2386,76,77
2019oncmp2_qm6,frc2056,frc4618,frc2852,frc4992,frc610,frc6987,89,79
2019oncmp2_qm60,frc4814,frc4678,frc746,frc610,frc5885,frc5409,70,76
2019oncmp2_qm61,frc6867,frc2706,frc4914,frc4907,frc6336,frc4920,58,44
2019oncmp2_qm62,frc4343,frc2386,frc4992,frc7480,frc4688,frc6140,64,55
2019oncmp2_qm63,frc3683,frc4039,frc4069,frc4814,frc5406,frc4618,101,54
2019oncmp2_qm64,frc610,frc746,frc6141,frc2634,frc4917,frc7757,62,75
2019oncmp2_qm65,frc6070,frc2200,frc2702,frc4678,frc5719,frc7800,90,66
2019oncmp2_qm66,frc6987,frc2852,frc5885,frc6878,frc1285,frc4903,52,66
2019oncmp2_qm67,frc1360,frc7476,frc7757,frc2056,frc5409,frc2634,77,77
2019oncmp2_qm68,frc610,frc6867,frc4920,frc6070,frc2386,frc3683,94,82
2019oncmp2_qm69,frc4917,frc5406,frc2702,frc4343,frc6987,frc4814,98,58
2019oncmp2_qm7,frc4903,frc7476,frc2634,frc4920,frc4069,frc4814,70,61
2019oncmp2_qm70,frc4678,frc6140,frc2200,frc6336,frc4039,frc6878,69,56
2019oncmp2_qm71,frc1360,frc5409,frc5719,frc4914,frc7800,frc4618,78,62
2019oncmp2_qm72,frc2056,frc4907,frc7480,frc5885,frc1285,frc7476,93,55
2019oncmp2_qm73,frc4903,frc4069,frc746,frc4992,frc2706,frc6141,65,62
2019oncmp2_qm74,frc4688,frc4920,frc4618,frc2852,frc4678,frc6878,61,56
2019oncmp2_qm75,frc5885,frc6140,frc1360,frc2200,frc4814,frc6867,67,77
2019oncmp2_qm76,frc3683,frc4914,frc7757,frc4343,frc4903,frc6336,72,62
2019oncmp2_qm77,frc4917,frc6141,frc7800,frc4907,frc2706,frc2852,88,91
2019oncmp2_qm78,frc4069,frc610,frc2702,frc4688,frc7476,frc4039,82,86
2019oncmp2_qm79,frc4992,frc2634,frc7480,frc6987,frc5409,frc2386,57,59
2019oncmp2_qm8,frc3683,frc4917,frc5885,frc5409,frc4688,frc7800,91,72
2019oncmp2_qm80,frc6070,frc2056,frc746,frc5406,frc1285,frc5719,88,80
2019oncmp2_qm9,frc6987,frc4907,frc1285,frc5719,frc6141,frc4914,58,50
2019oncmp2_sf1m1,frc3683,frc2056,frc4907,frc610,frc2852,frc1285,114,76
2019oncmp2_sf1m2,frc3683,frc2056,frc4907,frc610,frc2852,frc1285,113,73
2019oncmp2_sf2m1,frc5406,frc2200,frc4814,frc4678,frc2702,frc7757,93,82
2019oncmp2_sf2m2,frc5406,frc2200,frc4814,frc4678,frc2702,frc7757,100,75
2019oncmp_f1m1,frc1241,frc1114,frc771,frc3683,frc2056,frc4907,109,102
2019oncmp_f1m2,frc1241,frc1114,frc771,frc3683,frc2056,frc4907,111,97
2019onham_f1m1,frc1241,frc2056,frc6070,frc1325,frc5406,frc6342,103,85
2019onham_f1m2,frc1241,frc2056,frc6070,frc1325,frc5406,frc6342,98,81
2019onham_qf1m1,frc1241,frc2056,frc6070,frc3161,frc6878,frc5032,100,63
2019onham_qf1m2,frc1241,frc2056,frc6070,frc3161,frc6878,frc5032,107,42
2019onham_qf2m1,frc4907,frc4992,frc6140,frc7022,frc1075,frc6978,72,51
2019onham_qf2m2,frc4907,frc4992,frc6140,frc7022,frc1075,frc6978,70,32
2019onham_qf3m1,frc1325,frc5406,frc6342,frc4618,frc7623,frc5076,110,47
2019onham_qf3m2,frc1325,frc5406,frc6342,frc4618,frc7623,frc5076,87,49
2019onham_qf4m1,frc2200,frc2386,frc7509,frc6854,frc6323,frc5921,75,47
2019onham_qf4m2,frc2200,frc2386,frc7509,frc6854,frc6323,frc5921,78,41
2019onham_qm1,frc6330,frc2200,frc4907,frc6537,frc4777,frc5406,63,64
2019onham_qm10,frc3543,frc4902,frc6537,frc4907,frc7456,frc6513,24,52
2019onham_qm11,frc1075,frc6978,frc2386,frc6323,frc6330,frc3161,61,26
2019onham_qm12,frc2056,frc4618,frc6513,frc6865,frc6854,frc2200,78,50
2019onham_qm13,frc7509,frc5032,frc2386,frc5406,frc1325,frc6878,76,82
2019onham_qm14,frc5076,frc6070,frc5921,frc3161,frc4907,frc4992,49,58
2019onham_qm15,frc7623,frc6865,frc6978,frc6537,frc7456,frc7022,48,48
2019onham_qm16,frc3543,frc1075,frc2056,frc6330,frc7564,frc4902,94,34
2019onham_qm17,frc6009,frc4777,frc6140,frc6323,frc6342,frc1241,51,71
2019onham_qm18,frc6854,frc3161,frc6070,frc1325,frc6978,frc3543,55,75
2019onham_qm19,frc5032,frc6140,frc4907,frc6323,frc2056,frc7564,59,82
2019onham_qm2,frc2056,frc5921,frc7623,frc3543,frc2386,frc6070,77,47
2019onham_qm20,frc6537,frc6342,frc7623,frc4902,frc5921,frc4618,38,57
2019onham_qm21,frc6330,frc6865,frc5076,frc4777,frc4992,frc2386,43,60
2019onham_qm22,frc1075,frc6513,frc2200,frc6878,frc7509,frc7022,64,36
2019onham_qm23,frc5406,frc1241,frc2386,frc7456,frc6009,frc3543,92,44
2019onham_qm24,frc6342,frc2056,frc4992,frc6323,frc2200,frc7509,76,75
2019onham_qm25,frc6009,frc3161,frc5076,frc5032,frc6513,frc7564,69,35
2019onham_qm26,frc7623,frc7456,frc4902,frc6140,frc5406,frc6865,48,64
2019onham_qm27,frc5921,frc7022,frc6854,frc6537,frc6330,frc1325,54,57
2019onham_qm28,frc1241,frc4777,frc6070,frc6878,frc1075,frc4618,59,56
2019onham_qm29,frc6865,frc4907,frc1325,frc6978,frc6140,frc7509,74,56
2019onham_qm3,frc4618,frc4992,frc5032,frc6513,frc7022,frc6140,67,53
2019onham_qm30,frc6878,frc6323,frc6537,frc2056,frc2386,frc5076,63,86
2019onham_qm31,frc2200,frc4992,frc7456,frc6854,frc4902,frc4907,74,62
2019onham_qm32,frc7022,frc3543,frc6330,frc7623,frc7564,frc1241,44,61
2019onham_qm33,frc6070,frc6009,frc5406,frc3161,frc4618,frc6342,79,41
2019onham_qm34,frc6978,frc6513,frc4777,frc5921,frc1075,frc5032,31,43
2019onham_qm35,frc6140,frc6070,frc6323,frc2386,frc7623,frc6009,63,65
2019onham_qm36,frc6865,frc7509,frc3543,frc1075,frc6537,frc3161,48,48
2019onham_qm37,frc4907,frc4777,frc6342,frc7022,frc1325,frc2056,60,108
2019onham_qm38,frc7564,frc6978,frc7456,frc6513,frc5921,frc4992,41,53
2019onham_qm39,frc5032,frc6330,frc5406,frc6854,frc4618,frc5076,56,53
2019onham_qm4,frc6342,frc6854,frc6878,frc1075,frc7456,frc6323,39,56
2019onham_qm40,frc4902,frc2200,frc6342,frc1241,frc6878,frc6978,49,51
2019onham_qm41,frc6330,frc1075,frc6009,frc5076,frc7623,frc4907,51,61
2019onham_qm42,frc6140,frc2386,frc3161,frc4777,frc6854,frc7456,68,49
2019onham_qm43,frc6865,frc6513,frc6878,frc5406,frc3543,frc5921,42,73
2019onham_qm44,frc1325,frc6323,frc4992,frc1241,frc5032,frc6537,82,50
2019onham_qm45,frc6070,frc7022,frc7564,frc7509,frc2056,frc4902,55,93
2019onham_qm46,frc4618,frc6140,frc3543,frc2200,frc2386,frc5921,42,73
2019onham_qm47,frc6854,frc1241,frc1075,frc5032,frc6865,frc2056,80,72
2019onham_qm48,frc7456,frc6342,frc7509,frc6330,frc6070,frc6513,61,27
2019onham_qm49,frc4902,frc5076,frc1325,frc4907,frc6323,frc4618,71,55
2019onham_qm5,frc7509,frc5076,frc1241,frc6978,frc3161,frc4902,54,35
2019onham_qm50,frc3161,frc6878,frc2200,frc7564,frc6009,frc6537,105,46
2019onham_qm51,frc7022,frc7623,frc4777,frc4992,frc5406,frc6978,70,59
2019onham_qm52,frc6070,frc6537,frc6865,frc6342,frc6140,frc6330,38,36
2019onham_qm53,frc4992,frc7509,frc1075,frc7456,frc5076,frc5032,49,55
2019onham_qm54,frc2386,frc6323,frc6854,frc1241,frc4902,frc6513,77,59
2019onham_qm55,frc1325,frc4618,frc2200,frc3161,frc3543,frc4777,83,42
2019onham_qm56,frc2056,frc6878,frc6009,frc6978,frc4907,frc7022,102,52
2019onham_qm57,frc5921,frc7564,frc3161,frc7623,frc5406,frc6323,45,75
2019onham_qm58,frc5076,frc6537,frc6978,frc6140,frc2056,frc1241,53,118
2019onham_qm59,frc4992,frc3543,frc7623,frc4777,frc7509,frc4618,38,47
2019onham_qm6,frc7564,frc4992,frc6865,frc6009,frc6342,frc1325,48,39
2019onham_qm60,frc4907,frc7564,frc6878,frc2386,frc6865,frc6342,64,61
2019onham_qm61,frc7456,frc5921,frc6330,frc2200,frc5032,frc6009,41,49
2019onham_qm62,frc6513,frc5406,frc6854,frc6070,frc1325,frc1075,76,75
2019onham_qm63,frc4902,frc5032,frc6323,frc7022,frc6009,frc6865,56,54
2019onham_qm64,frc5921,frc6537,frc6140,frc5406,frc4907,frc1075,42,75
2019onham_qm65,frc2386,frc4902,frc7022,frc7564,frc2200,frc4777,71,62
2019onham_qm66,frc1325,frc7623,frc6854,frc3543,frc5076,frc6342,59,34
2019onham_qm67,frc6513,frc3161,frc7509,frc4992,frc6878,frc6330,54,55
2019onham_qm68,frc4618,frc1241,frc7456,frc6070,frc6978,frc2056,63,79
2019onham_qm7,frc4618,frc7022,frc5406,frc6878,frc5076,frc6140,72,48
2019onham_qm8,frc6009,frc1241,frc5921,frc7509,frc6854,frc7564,48,40
2019onham_qm9,frc4777,frc1325,frc5032,frc2200,frc6070,frc7623,77,55
2019onham_sf1m1,frc1241,frc2056,frc6070,frc4907,frc4992,frc6140,129,64
2019onham_sf1m2,frc1241,frc2056,frc6070,frc4907,frc4992,frc6140,107,75
2019onham_sf2m1,frc1325,frc5406,frc6342,frc2200,frc2386,frc7509,84,81
2019onham_sf2m2,frc1325,frc5406,frc6342,frc2200,frc2386,frc7509,95,76
2019onlon_f1m1,frc4814,frc4525,frc7722,frc6378,frc4976,frc6725,37,71
2019onlon_f1m2,frc4814,frc4525,frc7722,frc6378,frc4976,frc6725,65,62
2019onlon_f1m3,frc4814,frc4525,frc7722,frc6378,frc4976,frc6725,70,68
2019onlon_qf1m1,frc2702,frc3739,frc5288,frc6110,frc6331,frc5483,63,71
2019onlon_qf1m2,frc2702,frc3739,frc5288,frc6110,frc6331,frc5483,66,71
2019onlon_qf2m1,frc4814,frc4525,frc7722,frc5834,frc5408,frc5596,70,70
2019onlon_qf2m2,frc4814,frc4525,frc7722,frc5834,frc5408,frc5596,74,81
2019onlon_qf2m3,frc4814,frc4525,frc7722,frc5834,frc5408,frc5596,78,72
2019onlon_qf3m1,frc6378,frc4976,frc6725,frc2609,frc4940,frc4595,80,59
2019onlon_qf3m2,frc6378,frc4976,frc6725,frc2609,frc4940,frc4595,73,56
2019onlon_qf4m1,frc1360,frc5024,frc5870,frc6881,frc7058,frc4617,73,50
2019onlon_qf4m2,frc1360,frc5024,frc5870,frc6881,frc7058,frc4617,91,60
2019onlon_qm1,frc4951,frc6110,frc3756,frc3739,frc1360,frc6202,40,64
2019onlon_qm10,frc4976,frc6052,frc6339,frc2702,frc7659,frc6331,44,73
2019onlon_qm11,frc781,frc5408,frc5834,frc5483,frc7475,frc4940,73,23
2019onlon_qm12,frc6856,frc6992,frc5288,frc7058,frc3739,frc6162,24,71
2019onlon_qm13,frc2609,frc5689,frc4617,frc6130,frc3756,frc6725,45,49
2019onlon_qm14,frc6481,frc5024,frc6339,frc4814,frc4595,frc4976,51,75
2019onlon_qm15,frc1360,frc6331,frc5821,frc2702,frc4525,frc6052,44,61
2019onlon_qm16,frc3756,frc3739,frc7475,frc6130,frc4617,frc6881,43,57
2019onlon_qm17,frc7058,frc6856,frc4814,frc6992,frc5699,frc4940,69,53
2019onlon_qm18,frc7659,frc6378,frc4951,frc6162,frc5288,frc781,78,21
2019onlon_qm19,frc6725,frc5483,frc5870,frc6202,frc5024,frc6110,57,60
2019onlon_qm2,frc7058,frc4976,frc4617,frc5821,frc4525,frc5288,76,54
2019onlon_qm20,frc5834,frc5596,frc2609,frc7722,frc5408,frc5689,63,64
2019onlon_qm21,frc6992,frc3739,frc4595,frc6331,frc7058,frc3756,66,53
2019onlon_qm22,frc4617,frc1360,frc6378,frc4814,frc5870,frc2702,58,50
2019onlon_qm23,frc6856,frc5821,frc6881,frc5596,frc6110,frc5288,34,44
2019onlon_qm24,frc4525,frc5689,frc6725,frc4951,frc5699,frc6339,35,45
2019onlon_qm25,frc6130,frc2609,frc781,frc5483,frc4976,frc6202,47,74
2019onlon_qm26,frc7722,frc6162,frc7659,frc7475,frc5408,frc6481,43,47
2019onlon_qm27,frc4940,frc5024,frc3739,frc5834,frc6052,frc6725,54,44
2019onlon_qm28,frc4595,frc6202,frc7058,frc6881,frc4814,frc6378,40,47
2019onlon_qm29,frc5699,frc6331,frc5483,frc5870,frc5821,frc4617,42,49
2019onlon_qm3,frc2609,frc2702,frc4595,frc6162,frc5596,frc5699,39,18
2019onlon_qm30,frc1360,frc4951,frc5024,frc7722,frc2609,frc3756,49,48
2019onlon_qm31,frc5408,frc6162,frc4525,frc4940,frc7659,frc6110,45,55
2019onlon_qm32,frc6130,frc5689,frc2702,frc5834,frc6339,frc6856,64,37
2019onlon_qm33,frc4976,frc6992,frc7475,frc6052,frc5288,frc6481,31,42
2019onlon_qm34,frc5596,frc4595,frc6331,frc781,frc4617,frc4951,33,45
2019onlon_qm35,frc5483,frc7722,frc5821,frc5024,frc2609,frc6881,54,74
2019onlon_qm36,frc6725,frc4940,frc6202,frc6992,frc2702,frc1360,63,52
2019onlon_qm37,frc4976,frc781,frc6481,frc3739,frc5699,frc5689,35,73
2019onlon_qm38,frc6339,frc6162,frc6378,frc6052,frc5408,frc7058,36,63
2019onlon_qm39,frc6110,frc4814,frc4525,frc6856,frc6130,frc7475,78,28
2019onlon_qm4,frc4814,frc4940,frc7722,frc5689,frc6331,frc6481,58,26
2019onlon_qm40,frc5288,frc7659,frc5834,frc5596,frc3756,frc5870,57,60
2019onlon_qm41,frc6725,frc6481,frc7722,frc7058,frc781,frc5483,47,38
2019onlon_qm42,frc4595,frc4940,frc1360,frc3739,frc4617,frc6339,56,36
2019onlon_qm43,frc5024,frc6331,frc4525,frc2609,frc5288,frc6378,79,72
2019onlon_qm44,frc7659,frc5870,frc6881,frc4976,frc6110,frc6130,42,51
2019onlon_qm45,frc6052,frc5699,frc6856,frc5408,frc6202,frc5596,30,62
2019onlon_qm46,frc4951,frc5821,frc6162,frc6992,frc5834,frc4814,30,74
2019onlon_qm47,frc7475,frc5689,frc7058,frc2702,frc3756,frc5024,54,74
2019onlon_qm48,frc4976,frc4525,frc7659,frc4595,frc6856,frc7722,55,37
2019onlon_qm49,frc5870,frc2609,frc6162,frc6339,frc6130,frc5821,59,32
2019onlon_qm5,frc6339,frc6725,frc7659,frc6856,frc5483,frc6378,33,65
2019onlon_qm50,frc5699,frc6378,frc7475,frc5689,frc1360,frc5483,60,69
2019onlon_qm51,frc6202,frc6881,frc6052,frc4617,frc4940,frc6331,44,56
2019onlon_qm52,frc6481,frc4814,frc5596,frc6725,frc4951,frc3739,70,59
2019onlon_qm53,frc6110,frc2702,frc5408,frc781,frc3756,frc6992,64,59
2019onlon_qm54,frc5288,frc6202,frc5689,frc5834,frc4525,frc7058,46,76
2019onlon_qm55,frc7475,frc7722,frc5870,frc6331,frc3739,frc6856,54,64
2019onlon_qm56,frc5596,frc4951,frc6130,frc6378,frc4976,frc4940,46,67
2019onlon_qm57,frc6110,frc781,frc1360,frc5024,frc5834,frc6162,63,62
2019onlon_qm58,frc4617,frc6052,frc6992,frc6481,frc7659,frc2609,51,34
2019onlon_qm59,frc3756,frc4595,frc5408,frc5821,frc6725,frc2702,65,36
2019onlon_qm6,frc6881,frc6992,frc5408,frc781,frc5870,frc5024,47,42
2019onlon_qm60,frc4814,frc5288,frc5699,frc6339,frc6881,frc5483,65,34
2019onlon_qm61,frc5024,frc7058,frc5596,frc7659,frc6130,frc1360,71,62
2019onlon_qm62,frc6331,frc6202,frc5870,frc4595,frc6162,frc5689,48,41
2019onlon_qm63,frc5288,frc6881,frc3739,frc2609,frc6725,frc5408,50,49
2019onlon_qm64,frc3756,frc6052,frc4814,frc4525,frc781,frc5699,58,61
2019onlon_qm65,frc2702,frc4617,frc5483,frc4951,frc7722,frc4976,58,61
2019onlon_qm66,frc6378,frc6481,frc5834,frc6110,frc6339,frc6992,83,56
2019onlon_qm67,frc5596,frc6856,frc4940,frc5821,frc7475,frc5024,50,54
2019onlon_qm68,frc3739,frc2702,frc4976,frc6162,frc5483,frc4814,73,58
2019onlon_qm69,frc5870,frc6339,frc5288,frc6202,frc7722,frc781,51,42
2019onlon_qm7,frc5834,frc6130,frc6202,frc6052,frc7475,frc4595,32,41
2019onlon_qm70,frc4940,frc7058,frc2609,frc6378,frc4595,frc6110,72,72
2019onlon_qm71,frc5689,frc6881,frc4951,frc7659,frc5821,frc6052,50,32
2019onlon_qm72,frc4617,frc5834,frc3756,frc4525,frc6481,frc6856,58,63
2019onlon_qm73,frc5408,frc5699,frc6130,frc6331,frc6992,frc6725,55,63
2019onlon_qm74,frc7475,frc4814,frc781,frc1360,frc6339,frc2609,56,45
2019onlon_qm75,frc5870,frc7058,frc6110,frc4940,frc4951,frc6052,66,38
2019onlon_qm76,frc4525,frc5483,frc4595,frc5689,frc5596,frc6992,61,51
2019onlon_qm77,frc3756,frc6856,frc1360,frc5408,frc4976,frc6331,65,67
2019onlon_qm78,frc6378,frc3739,frc5821,frc6202,frc7475,frc7659,66,46
2019onlon_qm79,frc5288,frc5024,frc6130,frc5699,frc6481,frc2702,65,63
2019onlon_qm8,frc5821,frc6110,frc5699,frc7722,frc6378,frc5596,46,54
2019onlon_qm80,frc6162,frc6725,frc4617,frc6881,frc5834,frc7722,42,70
2019onlon_qm9,frc6881,frc1360,frc4525,frc6481,frc5870,frc4951,41,41
2019onlon_sf1m1,frc6110,frc6331,frc5483,frc4814,frc4525,frc7722,82,81
2019onlon_sf1m2,frc6110,frc6331,frc5483,frc4814,frc4525,frc7722,57,72
2019onlon_sf1m3,frc6110,frc6331,frc5483,frc4814,frc4525,frc7722,48,63
2019onlon_sf2m1,frc6378,frc4976,frc6725,frc1360,frc5024,frc5870,76,64
2019onlon_sf2m2,frc6378,frc4976,frc6725,frc1360,frc5024,frc5870,74,63
2019onnob_f1m1,frc4678,frc1310,frc6987,frc4917,frc1305,frc4519,75,60
2019onnob_f1m2,frc4678,frc1310,frc6987,frc4917,frc1305,frc4519,62,80
2019onnob_f1m3,frc4678,frc1310,frc6987,frc4917,frc1305,frc4519,73,81
2019onnob_qf1m1,frc4678,frc1310,frc6987,frc6135,frc2706,frc6632,75,60
2019onnob_qf1m2,frc4678,frc1310,frc6987,frc6135,frc2706,frc6632,74,70
2019onnob_qf2m1,frc6336,frc6461,frc7267,frc2994,frc4069,frc1374,57,70
2019onnob_qf2m2,frc6336,frc6461,frc7267,frc2994,frc4069,frc1374,68,65
2019onnob_qf2m3,frc6336,frc6461,frc7267,frc2994,frc4069,frc1374,74,71
2019onnob_qf3m1,frc4917,frc1305,frc4519,frc6864,frc6859,frc2013,102,45
2019onnob_qf3m2,frc4917,frc1305,frc4519,frc6864,frc6859,frc2013,81,41
2019onnob_qf4m1,frc610,frc4946,frc4783,frc4152,frc4914,frc1334,74,55
2019onnob_qf4m2,frc610,frc4946,frc4783,frc4152,frc4914,frc1334,82,63
2019onnob_qm1,frc1305,frc4152,frc6514,frc1246,frc6864,frc610,70,43
2019onnob_qm10,frc2994,frc6461,frc1310,frc6865,frc2013,frc610,72,56
2019onnob_qm11,frc4678,frc6135,frc6987,frc6632,frc2706,frc4946,46,56
2019onnob_qm12,frc1310,frc1305,frc6864,frc3543,frc6336,frc2013,65,50
2019onnob_qm13,frc6865,frc5672,frc4783,frc6461,frc4946,frc4678,27,93
2019onnob_qm14,frc4069,frc6859,frc4519,frc610,frc2706,frc7476,54,61
2019onnob_qm15,frc1334,frc6987,frc6632,frc2994,frc1246,frc4968,42,56
2019onnob_qm16,frc4704,frc7052,frc4917,frc6135,frc4152,frc4914,60,70
2019onnob_qm17,frc7476,frc1374,frc7267,frc6514,frc3543,frc4968,68,20
2019onnob_qm18,frc7052,frc610,frc4678,frc4704,frc4914,frc6864,55,63
2019onnob_qm19,frc6461,frc6632,frc6514,frc7267,frc2013,frc2994,44,59
2019onnob_qm2,frc3543,frc4678,frc7267,frc2994,frc4519,frc6135,51,73
2019onnob_qm20,frc6135,frc6336,frc4946,frc6865,frc4519,frc1246,78,46
2019onnob_qm21,frc4152,frc5672,frc6859,frc1310,frc1334,frc1374,78,69
2019onnob_qm22,frc4917,frc6987,frc2706,frc1305,frc4783,frc4069,69,55
2019onnob_qm23,frc4704,frc6135,frc6865,frc6514,frc7476,frc5672,46,39
2019onnob_qm24,frc6987,frc4783,frc4519,frc6336,frc6632,frc7052,38,48
2019onnob_qm25,frc1246,frc3543,frc4914,frc4917,frc2994,frc6859,44,67
2019onnob_qm26,frc4968,frc1374,frc4152,frc2013,frc4069,frc4678,73,80
2019onnob_qm27,frc2706,frc1305,frc6461,frc7267,frc1334,frc6864,59,30
2019onnob_qm28,frc610,frc1310,frc4968,frc4946,frc4917,frc1246,82,74
2019onnob_qm29,frc6336,frc6864,frc1374,frc4678,frc6859,frc2706,52,77
2019onnob_qm3,frc4968,frc6859,frc6865,frc4783,frc6461,frc4917,36,65
2019onnob_qm30,frc3543,frc6865,frc6632,frc4946,frc610,frc4152,40,61
2019onnob_qm31,frc6987,frc7052,frc1305,frc7267,frc1310,frc5672,66,68
2019onnob_qm32,frc6135,frc4069,frc6461,frc4519,frc4914,frc7476,75,60
2019onnob_qm33,frc6514,frc1334,frc2994,frc4783,frc2013,frc4704,50,63
2019onnob_qm34,frc1310,frc4946,frc6859,frc6461,frc6864,frc7476,76,49
2019onnob_qm35,frc1246,frc4069,frc7267,frc5672,frc3543,frc4704,62,49
2019onnob_qm36,frc1305,frc610,frc1374,frc4968,frc6632,frc6135,69,57
2019onnob_qm37,frc4152,frc4678,frc4783,frc2013,frc6514,frc7052,71,48
2019onnob_qm38,frc2706,frc2994,frc4914,frc6865,frc6987,frc6336,87,55
2019onnob_qm39,frc1334,frc5672,frc2013,frc4519,frc4917,frc610,50,63
2019onnob_qm4,frc7052,frc7476,frc1310,frc4704,frc2706,frc1374,52,46
2019onnob_qm40,frc7052,frc4968,frc2706,frc6514,frc6864,frc4069,52,42
2019onnob_qm41,frc7267,frc6461,frc6336,frc1334,frc4917,frc1305,63,60
2019onnob_qm42,frc4914,frc6865,frc4946,frc4519,frc4704,frc4152,70,62
2019onnob_qm43,frc1246,frc4783,frc6135,frc1374,frc6987,frc2994,62,60
2019onnob_qm44,frc4678,frc1310,frc6632,frc6859,frc7476,frc3543,84,65
2019onnob_qm45,frc4914,frc6461,frc610,frc6987,frc6514,frc4946,70,44
2019onnob_qm46,frc2013,frc4968,frc4917,frc2706,frc6336,frc5672,66,49
2019onnob_qm47,frc4783,frc7052,frc7267,frc4069,frc1310,frc6865,38,59
2019onnob_qm48,frc7476,frc4704,frc2994,frc6859,frc6135,frc1334,54,51
2019onnob_qm49,frc4519,frc1305,frc6632,frc1374,frc4678,frc1246,75,74
2019onnob_qm5,frc4069,frc1334,frc6336,frc6632,frc4914,frc5672,73,55
2019onnob_qm50,frc6864,frc4917,frc3543,frc4152,frc7267,frc6987,37,62
2019onnob_qm51,frc1310,frc6514,frc4519,frc4678,frc4968,frc4914,60,67
2019onnob_qm52,frc4069,frc1374,frc3543,frc4946,frc4704,frc1334,70,77
2019onnob_qm53,frc6632,frc2013,frc1246,frc6859,frc7052,frc6461,59,62
2019onnob_qm54,frc5672,frc610,frc6135,frc6864,frc4783,frc2706,62,48
2019onnob_qm55,frc2994,frc6865,frc4152,frc1305,frc6336,frc7476,73,94
2019onnob_qm56,frc1334,frc4968,frc6461,frc6135,frc3543,frc7052,46,36
2019onnob_qm57,frc6336,frc4704,frc4678,frc610,frc4069,frc6987,75,71
2019onnob_qm58,frc4946,frc7476,frc4783,frc4914,frc1305,frc2013,67,75
2019onnob_qm59,frc4917,frc6514,frc6865,frc1374,frc6632,frc6859,49,87
2019onnob_qm6,frc2013,frc4946,frc6864,frc6987,frc1246,frc4704,58,58
2019onnob_qm60,frc2706,frc7267,frc4519,frc4152,frc1246,frc1310,58,82
2019onnob_qm61,frc6864,frc2994,frc7052,frc5672,frc4678,frc4917,67,72
2019onnob_qm62,frc2706,frc1246,frc6514,frc6461,frc4152,frc3543,62,33
2019onnob_qm63,frc6864,frc6859,frc6987,frc7476,frc6865,frc1334,45,39
2019onnob_qm64,frc1374,frc6135,frc2013,frc4914,frc1310,frc4783,59,60
2019onnob_qm65,frc5672,frc4946,frc1305,frc6632,frc2994,frc4069,81,60
2019onnob_qm66,frc610,frc7267,frc4704,frc6336,frc4519,frc4968,67,49
2019onnob_qm7,frc7476,frc4152,frc4917,frc7052,frc5672,frc4069,55,59
2019onnob_qm8,frc3543,frc4519,frc1334,frc4783,frc1374,frc6514,46,17
2019onnob_qm9,frc6859,frc4914,frc6336,frc4968,frc7267,frc1305,59,68
2019onnob_sf1m1,frc4678,frc1310,frc6987,frc6336,frc6461,frc7267,76,64
2019onnob_sf1m2,frc4678,frc1310,frc6987,frc6336,frc6461,frc7267,80,47
2019onnob_sf2m1,frc4917,frc1305,frc4519,frc610,frc4946,frc4783,79,65
2019onnob_sf2m2,frc4917,frc1305,frc4519,frc610,frc4946,frc4783,77,63
2019onnyo_f1m1,frc854,frc6140,frc6141,frc1360,frc907,frc6975,56,51
2019onnyo_f1m2,frc854,frc6140,frc6141,frc1360,frc907,frc6975,56,46
2019onnyo_qf1m1,frc854,frc6140,frc6141,frc4618,frc2708,frc7721,56,45
2019onnyo_qf1m2,frc854,frc6140,frc6141,frc4618,frc2708,frc7721,67,44
2019onnyo_qf2m1,frc7603,frc7558,frc6917,frc5719,frc4343,frc6378,73,59
2019onnyo_qf2m2,frc7603,frc7558,frc6917,frc5719,frc4343,frc6378,53,53
2019onnyo_qf2m3,frc7603,frc7558,frc6917,frc5719,frc4343,frc6378,75,77
2019onnyo_qf3m1,frc7735,frc1075,frc7659,frc4252,frc4914,frc7712,61,61
2019onnyo_qf3m2,frc7735,frc1075,frc7659,frc4252,frc4914,frc7712,53,61
2019onnyo_qf4m1,frc1360,frc907,frc6975,frc6632,frc5288,frc5699,62,38
2019onnyo_qf4m2,frc1360,frc907,frc6975,frc6632,frc5288,frc5699,68,46
2019onnyo_qm1,frc907,frc7013,frc6977,frc5921,frc4914,frc1075,39,29
2019onnyo_qm10,frc854,frc5288,frc7558,frc7200,frc6141,frc6917,83,36
2019onnyo_qm11,frc7735,frc4777,frc6397,frc7013,frc4914,frc7614,48,28
2019onnyo_qm12,frc5719,frc1360,frc919,frc7603,frc907,frc4252,43,42
2019onnyo_qm13,frc6917,frc7659,frc5288,frc4343,frc2708,frc6977,30,68
2019onnyo_qm14,frc5699,frc6130,frc6323,frc854,frc6378,frc6975,24,43
2019onnyo_qm15,frc6632,frc7735,frc4914,frc7721,frc7200,frc907,59,50
2019onnyo_qm16,frc6141,frc5596,frc4252,frc7013,frc7603,frc6140,35,37
2019onnyo_qm17,frc7558,frc5921,frc4618,frc6397,frc5719,frc7520,44,44
2019onnyo_qm18,frc7712,frc1360,frc7614,frc919,frc1075,frc4777,40,49
2019onnyo_qm19,frc2708,frc4252,frc5288,frc5699,frc7200,frc6632,35,40
2019onnyo_qm2,frc4618,frc5288,frc5699,frc6917,frc6130,frc7520,57,41
2019onnyo_qm20,frc4618,frc6977,frc6917,frc5719,frc7735,frc7013,36,44
2019onnyo_qm21,frc7603,frc4777,frc6130,frc7614,frc907,frc5921,39,40
2019onnyo_qm22,frc5596,frc6140,frc919,frc4914,frc6141,frc6378,46,42
2019onnyo_qm23,frc7659,frc1075,frc854,frc6975,frc7712,frc7558,59,50
2019onnyo_qm24,frc7520,frc1360,frc6323,frc7721,frc4343,frc6397,48,64
2019onnyo_qm25,frc6632,frc6977,frc6140,frc4777,frc6917,frc5596,48,44
2019onnyo_qm26,frc7558,frc7659,frc907,frc6130,frc6378,frc4252,69,43
2019onnyo_qm27,frc4914,frc7721,frc7603,frc854,frc4618,frc7200,53,32
2019onnyo_qm28,frc4343,frc7013,frc1075,frc7520,frc919,frc7712,50,44
2019onnyo_qm29,frc6975,frc2708,frc7735,frc5288,frc7614,frc6323,44,33
2019onnyo_qm3,frc2708,frc854,frc5719,frc6140,frc4252,frc6397,64,52
2019onnyo_qm30,frc1360,frc6397,frc6141,frc5921,frc5719,frc5699,42,41
2019onnyo_qm31,frc5596,frc6378,frc7013,frc7659,frc4618,frc4343,33,51
2019onnyo_qm32,frc6140,frc907,frc6130,frc7200,frc7520,frc7735,57,41
2019onnyo_qm33,frc6323,frc6397,frc1075,frc7558,frc6141,frc2708,50,65
2019onnyo_qm34,frc919,frc5699,frc7603,frc5288,frc6632,frc7721,29,36
2019onnyo_qm35,frc6917,frc854,frc5921,frc4777,frc7614,frc5719,46,49
2019onnyo_qm36,frc4252,frc7712,frc4914,frc6975,frc6977,frc1360,53,45
2019onnyo_qm37,frc7659,frc7520,frc7013,frc2708,frc7603,frc6323,32,40
2019onnyo_qm38,frc1075,frc7200,frc6378,frc7735,frc5921,frc5288,30,46
2019onnyo_qm39,frc6141,frc919,frc854,frc7614,frc4252,frc6977,38,46
2019onnyo_qm4,frc4343,frc1360,frc6632,frc7603,frc7659,frc7712,45,38
2019onnyo_qm40,frc6397,frc5596,frc7558,frc5699,frc907,frc1360,26,56
2019onnyo_qm41,frc4777,frc6632,frc4618,frc6130,frc4343,frc4914,42,60
2019onnyo_qm42,frc5719,frc6975,frc7721,frc7712,frc6917,frc6140,30,45
2019onnyo_qm43,frc5288,frc1075,frc1360,frc5699,frc854,frc7013,57,41
2019onnyo_qm44,frc6378,frc6397,frc7614,frc6977,frc7603,frc7200,58,51
2019onnyo_qm45,frc907,frc6323,frc6917,frc6141,frc6632,frc7712,42,62
2019onnyo_qm46,frc6130,frc7558,frc5719,frc7735,frc5596,frc4343,42,43
2019onnyo_qm47,frc4618,frc6140,frc2708,frc4252,frc6975,frc4777,33,26
2019onnyo_qm48,frc7721,frc7520,frc5921,frc7659,frc919,frc4914,54,41
2019onnyo_qm49,frc7614,frc5699,frc5596,frc1075,frc5719,frc907,38,51
2019onnyo_qm5,frc7200,frc7614,frc919,frc6323,frc5596,frc6975,28,9
2019onnyo_qm50,frc6975,frc5288,frc7603,frc6323,frc7558,frc6977,57,44
2019onnyo_qm51,frc2708,frc7721,frc7712,frc7735,frc6141,frc4618,46,47
2019onnyo_qm52,frc919,frc4343,frc4252,frc6917,frc6397,frc4914,43,76
2019onnyo_qm53,frc6632,frc6378,frc7520,frc1360,frc854,frc4777,45,65
2019onnyo_qm54,frc7013,frc6130,frc7200,frc5921,frc6140,frc7659,36,49
2019onnyo_qm55,frc6141,frc7603,frc4343,frc4914,frc5699,frc6975,50,40
2019onnyo_qm56,frc6378,frc7712,frc5719,frc7520,frc4777,frc5288,57,33
2019onnyo_qm57,frc1075,frc7614,frc6917,frc6397,frc4618,frc6130,62,45
2019onnyo_qm58,frc854,frc7735,frc907,frc1360,frc2708,frc7659,62,49
2019onnyo_qm59,frc6140,frc7200,frc7558,frc919,frc7013,frc6632,60,54
2019onnyo_qm6,frc4777,frc7721,frc6141,frc7558,frc7735,frc6378,44,61
2019onnyo_qm60,frc4252,frc6323,frc5921,frc5596,frc6977,frc7721,49,44
2019onnyo_qm61,frc4914,frc7520,frc2708,frc6378,frc6917,frc1360,56,51
2019onnyo_qm62,frc7603,frc5719,frc6632,frc1075,frc6130,frc6141,58,33
2019onnyo_qm63,frc7200,frc5921,frc4343,frc7614,frc854,frc6140,46,53
2019onnyo_qm64,frc6323,frc7712,frc7735,frc4252,frc7558,frc5699,54,59
2019onnyo_qm65,frc6977,frc4777,frc7659,frc7721,frc4618,frc919,42,23
2019onnyo_qm66,frc7013,frc6975,frc6397,frc907,frc5288,frc5596,39,57
2019onnyo_qm67,frc4252,frc6917,frc7735,frc7520,frc1075,frc7603,63,53
2019onnyo_qm68,frc6977,frc5699,frc6141,frc5719,frc7659,frc7200,49,47
2019onnyo_qm69,frc7614,frc7558,frc7721,frc5288,frc6140,frc6378,46,54
2019onnyo_qm7,frc7712,frc4343,frc5699,frc6977,frc5921,frc6130,51,28
2019onnyo_qm70,frc5921,frc6632,frc6975,frc1360,frc7013,frc4618,28,45
2019onnyo_qm71,frc907,frc4914,frc4777,frc4343,frc6323,frc854,59,56
2019onnyo_qm72,frc7712,frc6130,frc5596,frc6397,frc919,frc2708,67,27
2019onnyo_qm8,frc4618,frc6975,frc7520,frc5596,frc2708,frc6632,42,33
2019onnyo_qm9,frc6378,frc6323,frc7659,frc6140,frc7721,frc1075,24,47
2019onnyo_sf1m1,frc854,frc6140,frc6141,frc5719,frc4343,frc6378,65,62
2019onnyo_sf1m2,frc854,frc6140,frc6141,frc5719,frc4343,frc6378,69,70
2019onnyo_sf1m3,frc854,frc6140,frc6141,frc5719,frc4343,frc6378,53,52
2019onnyo_sf2m1,frc4252,frc4914,frc7712,frc1360,frc907,frc6975,63,59
2019onnyo_sf2m2,frc4252,frc4914,frc7712,frc1360,frc907,frc6975,53,67
2019onnyo_sf2m3,frc4252,frc4914,frc7712,frc1360,frc907,frc6975,39,40
2019onosh_f1m1,frc610,frc2200,frc4783,frc6867,frc4476,frc4525,62,48
2019onosh_f1m2,frc610,frc2200,frc4783,frc6867,frc4476,frc4525,68,51
2019onosh_qf1m1,frc610,frc2200,frc4783,frc4951,frc6987,frc5409,69,42
2019onosh_qf1m2,frc610,frc2200,frc4783,frc4951,frc6987,frc5409,69,47
2019onosh_qf2m1,frc4946,frc2386,frc6110,frc2994,frc6135,frc4519,64,55
2019onosh_qf2m2,frc4946,frc2386,frc6110,frc2994,frc6135,frc4519,64,69
2019onosh_qf2m3,frc4946,frc2386,frc6110,frc2994,frc6135,frc4519,44,62
2019onosh_qf3m1,frc188,frc5885,frc7267,frc6867,frc4476,frc4525,78,80
2019onosh_qf3m2,frc188,frc5885,frc7267,frc6867,frc4476,frc4525,42,48
2019onosh_qf4m1,frc4152,frc4907,frc7735,frc5036,frc4936,frc2852,55,51
2019onosh_qf4m2,frc4152,frc4907,frc7735,frc5036,frc4936,frc2852,76,63
2019onosh_qm1,frc6110,frc6866,frc6864,frc2200,frc3571,frc5036,40,64
2019onosh_qm10,frc4907,frc4946,frc6866,frc6070,frc5409,frc2852,66,32
2019onosh_qm11,frc4476,frc4783,frc3571,frc4951,frc6975,frc4936,35,35
2019onosh_qm12,frc4704,frc7735,frc7614,frc2386,frc7710,frc7690,18,48
2019onosh_qm13,frc610,frc2708,frc6864,frc6135,frc6867,frc5885,35,64
2019onosh_qm14,frc6975,frc7267,frc188,frc4152,frc6859,frc6866,39,36
2019onosh_qm15,frc4936,frc5426,frc7690,frc4525,frc5409,frc2200,34,52
2019onosh_qm16,frc4907,frc2994,frc6514,frc6864,frc4951,frc2852,51,46
2019onosh_qm17,frc4946,frc2386,frc4519,frc6070,frc4704,frc2708,73,34
2019onosh_qm18,frc7614,frc3571,frc7267,frc5885,frc7564,frc6110,42,50
2019onosh_qm19,frc5036,frc4476,frc6867,frc4783,frc7710,frc6135,63,40
2019onosh_qm2,frc6514,frc7564,frc5409,frc6859,frc4015,frc4783,24,18
2019onosh_qm20,frc7712,frc4015,frc4152,frc7735,frc6987,frc610,36,54
2019onosh_qm21,frc7564,frc7690,frc4704,frc4936,frc2852,frc6866,23,53
2019onosh_qm22,frc4519,frc6110,frc5036,frc4951,frc4525,frc7710,46,46
2019onosh_qm23,frc6135,frc2200,frc6859,frc2386,frc6864,frc6987,69,45
2019onosh_qm24,frc610,frc6070,frc5885,frc4783,frc7735,frc4152,58,49
2019onosh_qm25,frc2708,frc4476,frc5409,frc3571,frc7712,frc6514,43,27
2019onosh_qm26,frc7267,frc5426,frc2994,frc4907,frc7614,frc188,37,48
2019onosh_qm27,frc4946,frc6975,frc4525,frc4015,frc6867,frc7710,40,45
2019onosh_qm28,frc2708,frc7712,frc4783,frc7690,frc610,frc2200,26,57
2019onosh_qm29,frc6864,frc5409,frc7735,frc7267,frc4519,frc4951,35,36
2019onosh_qm3,frc7710,frc4476,frc5426,frc4525,frc6070,frc2386,14,33
2019onosh_qm30,frc6514,frc188,frc6070,frc7564,frc6975,frc6135,51,43
2019onosh_qm31,frc6867,frc4152,frc6987,frc6110,frc5426,frc3571,59,17
2019onosh_qm32,frc5885,frc6859,frc4907,frc4936,frc4476,frc4704,48,58
2019onosh_qm33,frc7614,frc2994,frc2852,frc4015,frc5036,frc4946,47,35
2019onosh_qm34,frc2386,frc6514,frc6975,frc6866,frc6070,frc7267,42,46
2019onosh_qm35,frc6987,frc7710,frc2200,frc3571,frc6135,frc4907,58,49
2019onosh_qm36,frc2994,frc2708,frc4525,frc2852,frc7712,frc7735,31,43
2019onosh_qm37,frc4783,frc4936,frc610,frc4704,frc4946,frc6110,75,47
2019onosh_qm38,frc6866,frc5409,frc4519,frc4152,frc5885,frc7614,41,74
2019onosh_qm39,frc4476,frc188,frc4951,frc5426,frc2386,frc4015,56,55
2019onosh_qm4,frc6987,frc7690,frc188,frc4946,frc4951,frc7614,32,27
2019onosh_qm40,frc5036,frc7564,frc6864,frc6867,frc6859,frc7690,26,39
2019onosh_qm41,frc4704,frc3571,frc4525,frc2200,frc7614,frc6070,27,34
2019onosh_qm42,frc2852,frc6987,frc4476,frc5409,frc610,frc6110,55,65
2019onosh_qm43,frc5426,frc4946,frc7564,frc5036,frc6135,frc7735,48,51
2019onosh_qm44,frc6864,frc6514,frc6867,frc188,frc4936,frc4519,38,61
2019onosh_qm45,frc4015,frc5885,frc6975,frc2994,frc7712,frc2386,57,40
2019onosh_qm46,frc4907,frc4783,frc4951,frc2708,frc6866,frc7710,78,30
2019onosh_qm47,frc4152,frc7690,frc4946,frc7267,frc6859,frc6514,36,28
2019onosh_qm48,frc5409,frc5036,frc4936,frc4519,frc5885,frc6987,59,52
2019onosh_qm49,frc7614,frc4783,frc6867,frc2994,frc188,frc6135,39,62
2019onosh_qm5,frc2852,frc4519,frc4704,frc6975,frc6867,frc7712,26,25
2019onosh_qm50,frc4951,frc2386,frc7564,frc7712,frc4907,frc610,49,67
2019onosh_qm51,frc2852,frc2200,frc4015,frc7690,frc7267,frc4476,78,46
2019onosh_qm52,frc4525,frc6866,frc7735,frc6859,frc2708,frc3571,52,15
2019onosh_qm53,frc7710,frc4704,frc6975,frc4152,frc6864,frc5426,26,61
2019onosh_qm54,frc6070,frc7690,frc7712,frc6110,frc7267,frc6867,28,55
2019onosh_qm55,frc3571,frc6866,frc5885,frc4519,frc6514,frc4015,46,35
2019onosh_qm56,frc6135,frc4152,frc2386,frc4525,frc2852,frc4783,67,34
2019onosh_qm57,frc7710,frc4907,frc5036,frc188,frc610,frc7564,56,45
2019onosh_qm58,frc6864,frc7614,frc6859,frc4476,frc7735,frc4946,44,64
2019onosh_qm59,frc6070,frc4936,frc6110,frc4704,frc2994,frc4951,57,41
2019onosh_qm6,frc610,frc6135,frc7267,frc4936,frc2994,frc4152,48,44
2019onosh_qm60,frc2200,frc2708,frc6975,frc5409,frc6987,frc5426,42,46
2019onosh_qm61,frc6859,frc2852,frc2386,frc6867,frc3571,frc4519,68,49
2019onosh_qm62,frc6866,frc7564,frc4783,frc2994,frc6864,frc4476,36,69
2019onosh_qm63,frc5885,frc7267,frc4946,frc5036,frc4951,frc610,71,82
2019onosh_qm64,frc5409,frc6135,frc4704,frc188,frc4015,frc2708,47,53
2019onosh_qm65,frc7710,frc4936,frc6514,frc7712,frc7614,frc6987,37,33
2019onosh_qm66,frc6110,frc4525,frc7690,frc6975,frc4152,frc4907,26,53
2019onosh_qm67,frc7735,frc6070,frc2994,frc5426,frc2200,frc4783,48,60
2019onosh_qm68,frc6514,frc6135,frc4476,frc7712,frc4704,frc6866,47,43
2019onosh_qm69,frc6987,frc6110,frc4015,frc188,frc4525,frc6864,42,26
2019onosh_qm7,frc7735,frc6110,frc4907,frc2708,frc6514,frc5885,27,39
2019onosh_qm70,frc610,frc4519,frc5426,frc7690,frc6975,frc3571,61,18
2019onosh_qm71,frc7735,frc2386,frc6867,frc7267,frc4907,frc5409,52,49
2019onosh_qm72,frc4152,frc4951,frc6070,frc7614,frc5036,frc2708,64,44
2019onosh_qm73,frc5885,frc2200,frc4936,frc7564,frc7710,frc2852,77,34
2019onosh_qm74,frc6859,frc5426,frc7712,frc4946,frc4783,frc5409,35,56
2019onosh_qm75,frc6866,frc6987,frc5036,frc2386,frc4704,frc7267,45,47
2019onosh_qm76,frc3571,frc188,frc7710,frc7690,frc5885,frc2994,51,58
2019onosh_qm77,frc4519,frc4152,frc2708,frc4476,frc4907,frc7564,48,68
2019onosh_qm78,frc4951,frc7735,frc6859,frc6110,frc2852,frc6135,62,63
2019onosh_qm79,frc4015,frc7614,frc4936,frc6975,frc6864,frc6070,60,56
2019onosh_qm8,frc2200,frc4519,frc7712,frc5426,frc5036,frc188,55,35
2019onosh_qm80,frc6867,frc610,frc4525,frc6514,frc4946,frc2200,70,69
2019onosh_qm9,frc7564,frc4015,frc2994,frc6987,frc4525,frc6859,42,20
2019onosh_sf1m1,frc610,frc2200,frc4783,frc2994,frc6135,frc4519,90,53
2019onosh_sf1m2,frc610,frc2200,frc4783,frc2994,frc6135,frc4519,73,43
2019onosh_sf2m1,frc6867,frc4476,frc4525,frc4152,frc4907,frc7735,62,55
2019onosh_sf2m2,frc6867,frc4476,frc4525,frc4152,frc4907,frc7735,63,70
2019onosh_sf2m3,frc6867,frc4476,frc4525,frc4152,frc4907,frc7735,53,41
2019onto1_f1m1,frc188,frc5406,frc7520,frc5719,frc6878,frc6866,78,55
2019onto1_f1m2,frc188,frc5406,frc7520,frc5719,frc6878,frc6866,105,53
2019onto1_qf1m1,frc188,frc5406,frc7520,frc4252,frc5039,frc5076,65,46
2019onto1_qf1m2,frc188,frc5406,frc7520,frc4252,frc5039,frc5076,72,54
2019onto1_qf2m1,frc5024,frc6867,frc7710,frc7476,frc5036,frc4308,67,54
2019onto1_qf2m2,frc5024,frc6867,frc7710,frc7476,frc5036,frc4308,53,73
2019onto1_qf2m3,frc5024,frc6867,frc7710,frc7476,frc5036,frc4308,70,79
2019onto1_qf3m1,frc4939,frc1285,frc1246,frc7690,frc6162,frc1334,66,50
2019onto1_qf3m2,frc4939,frc1285,frc1246,frc7690,frc6162,frc1334,43,45
2019onto1_qf3m3,frc4939,frc1285,frc1246,frc7690,frc6162,frc1334,73,48
2019onto1_qf4m1,frc2706,frc746,frc5031,frc5719,frc6878,frc6866,56,60
2019onto1_qf4m2,frc2706,frc746,frc5031,frc5719,frc6878,frc6866,68,54
2019onto1_qf4m3,frc2706,frc746,frc5031,frc5719,frc6878,frc6866,55,69
2019onto1_qm1,frc1285,frc6162,frc5406,frc5036,frc1334,frc5076,77,32
2019onto1_qm10,frc2706,frc6397,frc5039,frc6162,frc6867,frc5719,41,55
2019onto1_qm11,frc7476,frc7690,frc7136,frc7710,frc5406,frc5076,46,72
2019onto1_qm12,frc5039,frc7456,frc1334,frc919,frc5719,frc746,43,30
2019onto1_qm13,frc5024,frc6878,frc6162,frc1285,frc6866,frc4252,63,48
2019onto1_qm14,frc5031,frc6397,frc4308,frc6867,frc7520,frc6342,40,47
2019onto1_qm15,frc5036,frc1246,frc2706,frc4939,frc188,frc5911,47,42
2019onto1_qm16,frc5719,frc7136,frc5406,frc6878,frc919,frc7520,75,20
2019onto1_qm17,frc7690,frc5039,frc7710,frc6342,frc746,frc5024,43,50
2019onto1_qm18,frc6397,frc1285,frc7476,frc5911,frc7456,frc2706,31,8
2019onto1_qm19,frc1246,frc5076,frc4308,frc4939,frc6867,frc188,52,58
2019onto1_qm2,frc2706,frc7710,frc6342,frc188,frc7456,frc4252,36,48
2019onto1_qm20,frc5036,frc6866,frc6162,frc1334,frc4252,frc5031,36,43
2019onto1_qm21,frc7710,frc4939,frc7476,frc188,frc1285,frc919,45,57
2019onto1_qm22,frc5076,frc5039,frc746,frc2706,frc6878,frc4308,66,46
2019onto1_qm23,frc6867,frc5024,frc6866,frc5031,frc6162,frc1334,65,22
2019onto1_qm24,frc4252,frc6342,frc7690,frc1246,frc7136,frc6397,33,42
2019onto1_qm25,frc5719,frc7520,frc7456,frc5406,frc5911,frc5036,44,73
2019onto1_qm26,frc6867,frc188,frc5076,frc5024,frc1334,frc7476,67,64
2019onto1_qm27,frc7520,frc7710,frc5036,frc5406,frc5039,frc1246,59,49
2019onto1_qm28,frc7456,frc919,frc4308,frc6866,frc6342,frc6878,46,61
2019onto1_qm29,frc5031,frc746,frc1285,frc5911,frc4252,frc5719,63,29
2019onto1_qm3,frc1246,frc5911,frc7476,frc4308,frc6866,frc5039,38,43
2019onto1_qm30,frc7136,frc2706,frc4939,frc7690,frc6162,frc6397,43,42
2019onto1_qm31,frc1334,frc5719,frc1285,frc7520,frc4308,frc5911,58,38
2019onto1_qm32,frc5039,frc6867,frc746,frc7136,frc4252,frc5036,66,34
2019onto1_qm33,frc6162,frc188,frc5406,frc7690,frc1246,frc7456,66,47
2019onto1_qm34,frc6342,frc7476,frc919,frc6878,frc5031,frc4939,43,45
2019onto1_qm35,frc5076,frc2706,frc6866,frc6397,frc5024,frc7710,53,33
2019onto1_qm36,frc4308,frc6342,frc1334,frc746,frc7690,frc5036,25,66
2019onto1_qm37,frc7710,frc4252,frc919,frc5406,frc5076,frc7520,29,62
2019onto1_qm38,frc5911,frc5031,frc6867,frc188,frc7476,frc2706,44,76
2019onto1_qm39,frc5719,frc6866,frc6397,frc5039,frc4939,frc6162,35,38
2019onto1_qm4,frc7136,frc746,frc7520,frc6867,frc6397,frc6878,33,64
2019onto1_qm40,frc5024,frc7136,frc7456,frc1285,frc1246,frc6878,55,61
2019onto1_qm41,frc1334,frc5406,frc7690,frc919,frc2706,frc5031,71,49
2019onto1_qm42,frc1246,frc5719,frc746,frc7476,frc4308,frc4252,58,23
2019onto1_qm43,frc6878,frc5036,frc6867,frc7710,frc6162,frc1285,62,28
2019onto1_qm44,frc6866,frc7456,frc4939,frc5076,frc5911,frc6397,56,34
2019onto1_qm45,frc7520,frc5024,frc188,frc6342,frc5039,frc7136,87,40
2019onto1_qm46,frc6162,frc919,frc5911,frc5406,frc4308,frc6867,0,88
2019onto1_qm47,frc6342,frc188,frc6397,frc746,frc7476,frc6866,56,54
2019onto1_qm48,frc4939,frc5036,frc1285,frc7136,frc1334,frc7710,69,38
2019onto1_qm49,frc5719,frc5031,frc5039,frc5076,frc6878,frc7456,56,32
2019onto1_qm5,frc919,frc5024,frc5031,frc7690,frc4939,frc5719,24,64
2019onto1_qm50,frc4252,frc7520,frc1246,frc5024,frc7690,frc2706,35,68
2019onto1_qm51,frc746,frc5911,frc7710,frc4939,frc5076,frc6342,45,44
2019onto1_qm52,frc6878,frc6867,frc1334,frc7520,frc7690,frc6866,57,50
2019onto1_qm53,frc6162,frc1285,frc7456,frc919,frc2706,frc1246,47,45
2019onto1_qm54,frc188,frc4308,frc7136,frc5036,frc5719,frc5024,61,68
2019onto1_qm55,frc6397,frc5406,frc4252,frc5031,frc7476,frc5039,60,49
2019onto1_qm56,frc5911,frc6878,frc7690,frc4308,frc7710,frc5719,58,45
2019onto1_qm57,frc2706,frc7520,frc4939,frc4252,frc746,frc6162,44,27
2019onto1_qm58,frc7476,frc5406,frc6867,frc7456,frc1285,frc6342,75,49
2019onto1_qm59,frc1334,frc919,frc5076,frc6397,frc1246,frc5024,41,79
2019onto1_qm6,frc6866,frc6342,frc1246,frc1285,frc7136,frc5911,45,46
2019onto1_qm60,frc5039,frc5036,frc188,frc6866,frc5031,frc7136,64,45
2019onto1_qm7,frc6878,frc7710,frc5031,frc746,frc1334,frc188,41,52
2019onto1_qm8,frc4308,frc5036,frc7690,frc7476,frc5076,frc7520,55,53
2019onto1_qm9,frc4252,frc4939,frc5024,frc7456,frc5406,frc919,32,59
2019onto1_sf1m1,frc188,frc5406,frc7520,frc7476,frc5036,frc4308,99,90
2019onto1_sf1m2,frc188,frc5406,frc7520,frc7476,frc5036,frc4308,78,66
2019onto1_sf2m1,frc4939,frc1285,frc1246,frc5719,frc6878,frc6866,59,64
2019onto1_sf2m2,frc4939,frc1285,frc1246,frc5719,frc6878,frc6866,50,52
2019onto3_f1m1,frc3683,frc1114,frc771,frc865,frc4039,frc2198,92,69
2019onto3_f1m2,frc3683,frc1114,frc771,frc865,frc4039,frc2198,108,54
2019onto3_qf1m1,frc3683,frc1114,frc771,frc4343,frc5031,frc7509,75,44
2019onto3_qf1m2,frc3683,frc1114,frc771,frc4343,frc5031,frc7509,83,61
2019onto3_qf2m1,frc1310,frc7558,frc6141,frc1374,frc746,frc5870,46,57
2019onto3_qf2m2,frc1310,frc7558,frc6141,frc1374,frc746,frc5870,55,49
2019onto3_qf2m3,frc1310,frc7558,frc6141,frc1374,frc746,frc5870,69,56
2019onto3_qf3m1,frc854,frc7603,frc4308,frc907,frc4939,frc2935,31,59
2019onto3_qf3m2,frc854,frc7603,frc4308,frc907,frc4939,frc2935,33,52
2019onto3_qf4m1,frc865,frc4039,frc2198,frc5834,frc6978,frc7723,62,46
2019onto3_qf4m2,frc865,frc4039,frc2198,frc5834,frc6978,frc7723,54,33
2019onto3_qm1,frc7480,frc7902,frc6513,frc7509,frc7558,frc2198,27,31
2019onto3_qm10,frc4039,frc771,frc7013,frc5834,frc854,frc4939,39,55
2019onto3_qm11,frc2198,frc6141,frc1114,frc7723,frc1374,frc6513,46,46
2019onto3_qm12,frc7902,frc7603,frc4939,frc907,frc5031,frc6977,38,30
2019onto3_qm13,frc2198,frc746,frc1310,frc5870,frc7509,frc1374,40,55
2019onto3_qm14,frc6009,frc3683,frc2935,frc4039,frc1114,frc4343,46,71
2019onto3_qm15,frc771,frc7623,frc7013,frc2405,frc7558,frc4308,31,47
2019onto3_qm16,frc6978,frc7480,frc865,frc854,frc7723,frc5834,39,56
2019onto3_qm17,frc4343,frc5870,frc6009,frc2405,frc746,frc907,44,47
2019onto3_qm18,frc1114,frc1310,frc771,frc6513,frc7013,frc7509,53,18
2019onto3_qm19,frc7558,frc6977,frc4039,frc7603,frc4308,frc865,34,46
2019onto3_qm2,frc6141,frc907,frc5870,frc7623,frc2935,frc4039,33,96
2019onto3_qm20,frc7623,frc1374,frc6141,frc3683,frc7902,frc854,30,59
2019onto3_qm21,frc5031,frc2198,frc7723,frc6978,frc2935,frc4939,18,46
2019onto3_qm22,frc5834,frc7623,frc907,frc1114,frc7480,frc7558,45,53
2019onto3_qm23,frc5870,frc854,frc7603,frc7723,frc4939,frc7013,53,30
2019onto3_qm24,frc2935,frc2198,frc4308,frc7480,frc6141,frc6009,42,23
2019onto3_qm25,frc6977,frc865,frc3683,frc746,frc6513,frc5834,57,42
2019onto3_qm26,frc1310,frc6978,frc7509,frc771,frc4343,frc5031,51,35
2019onto3_qm27,frc1374,frc4039,frc4939,frc7902,frc2405,frc2935,68,33
2019onto3_qm28,frc7558,frc7723,frc6009,frc6141,frc3683,frc1114,29,56
2019onto3_qm29,frc2405,frc854,frc7480,frc7013,frc1310,frc907,47,66
2019onto3_qm3,frc865,frc5834,frc1374,frc4939,frc6009,frc6977,23,36
2019onto3_qm30,frc4308,frc746,frc5031,frc7623,frc865,frc2198,58,37
2019onto3_qm31,frc1374,frc4343,frc7902,frc4039,frc7603,frc5834,51,54
2019onto3_qm32,frc771,frc7509,frc6977,frc6513,frc6978,frc5870,44,28
2019onto3_qm33,frc865,frc4343,frc7013,frc7623,frc6009,frc1374,46,47
2019onto3_qm34,frc6978,frc7558,frc3683,frc7902,frc6141,frc746,68,13
2019onto3_qm35,frc6977,frc1114,frc5870,frc2198,frc4939,frc2405,54,24
2019onto3_qm36,frc907,frc2935,frc7723,frc7509,frc4308,frc5031,50,41
2019onto3_qm37,frc1310,frc6513,frc4039,frc7480,frc5834,frc771,55,51
2019onto3_qm38,frc854,frc2198,frc4343,frc7603,frc865,frc7558,45,68
2019onto3_qm39,frc5834,frc2405,frc6978,frc7902,frc7509,frc7623,48,37
2019onto3_qm4,frc5031,frc1114,frc6978,frc1310,frc4308,frc854,63,38
2019onto3_qm40,frc6009,frc6513,frc4308,frc3683,frc4039,frc7723,32,54
2019onto3_qm41,frc5870,frc7013,frc746,frc1310,frc5031,frc7480,49,46
2019onto3_qm42,frc2935,frc7603,frc1114,frc771,frc907,frc1374,63,42
2019onto3_qm43,frc4939,frc6141,frc4343,frc854,frc6977,frc7623,59,42
2019onto3_qm44,frc1114,frc5834,frc4308,frc7902,frc5870,frc771,75,37
2019onto3_qm45,frc7509,frc5031,frc4039,frc7013,frc7558,frc6141,62,33
2019onto3_qm46,frc7480,frc4939,frc746,frc6978,frc907,frc854,51,45
2019onto3_qm47,frc865,frc6009,frc2405,frc7603,frc1310,frc7723,34,74
2019onto3_qm48,frc3683,frc6513,frc2198,frc2935,frc1374,frc6977,59,42
2019onto3_qm49,frc6009,frc7509,frc5834,frc4308,frc771,frc6141,51,62
2019onto3_qm5,frc7723,frc4343,frc2405,frc746,frc3683,frc771,46,47
2019onto3_qm50,frc1374,frc1310,frc3683,frc4939,frc5870,frc7558,73,41
2019onto3_qm51,frc2935,frc7013,frc854,frc4039,frc865,frc7902,44,72
2019onto3_qm52,frc2198,frc7480,frc7603,frc4343,frc6978,frc746,52,23
2019onto3_qm53,frc5031,frc2405,frc7623,frc6513,frc6977,frc1114,43,61
2019onto3_qm54,frc7723,frc6978,frc7902,frc907,frc4039,frc6009,33,44
2019onto3_qm55,frc854,frc5031,frc7558,frc5870,frc7623,frc2935,53,39
2019onto3_qm56,frc6141,frc2405,frc1310,frc746,frc6977,frc7603,39,41
2019onto3_qm57,frc7509,frc7723,frc865,frc4308,frc7480,frc4343,56,33
2019onto3_qm58,frc4939,frc771,frc907,frc1374,frc2198,frc1114,59,60
2019onto3_qm59,frc6513,frc5834,frc6141,frc7013,frc3683,frc6978,52,67
2019onto3_qm6,frc6977,frc7013,frc7480,frc7603,frc6009,frc6978,24,31
2019onto3_qm60,frc4308,frc4039,frc5870,frc1114,frc1374,frc2405,45,70
2019onto3_qm61,frc6009,frc771,frc7603,frc3683,frc7623,frc7480,43,86
2019onto3_qm62,frc7013,frc7902,frc5031,frc6977,frc7723,frc2198,37,36
2019onto3_qm63,frc7558,frc907,frc6513,frc4343,frc4939,frc865,64,55
2019onto3_qm64,frc746,frc854,frc7509,frc5834,frc2935,frc1310,63,47
2019onto3_qm7,frc865,frc7902,frc1310,frc6141,frc5031,frc6513,36,37
2019onto3_qm8,frc7558,frc746,frc2935,frc2405,frc5870,frc3683,45,48
2019onto3_qm9,frc4343,frc7603,frc7623,frc907,frc4308,frc7509,45,40
2019onto3_sf1m1,frc3683,frc1114,frc771,frc1310,frc7558,frc6141,81,46
2019onto3_sf1m2,frc3683,frc1114,frc771,frc1310,frc7558,frc6141,92,42
2019onto3_sf2m1,frc907,frc4939,frc2935,frc865,frc4039,frc2198,47,62
2019onto3_sf2m2,frc907,frc4939,frc2935,frc865,frc4039,frc2198,51,70
2019onwat_f1m1,frc3683,frc2056,frc5672,frc4678,frc1241,frc7800,99,62
2019onwat_f1m2,frc3683,frc2056,frc5672,frc4678,frc1241,frc7800,93,76
2019onwat_qf1m1,frc3683,frc2056,frc5672,frc4920,frc3756,frc4814,94,26
2019onwat_qf1m2,frc3683,frc2056,frc5672,frc4920,frc3756,frc4814,106,47
2019onwat_qf2m1,frc772,frc7664,frc4968,frc2702,frc4069,frc7022,51,70
2019onwat_qf2m2,frc772,frc7664,frc4968,frc2702,frc4069,frc7022,47,50
2019onwat_qf3m1,frc4678,frc1241,frc7800,frc5912,frc6992,frc2609,59,50
2019onwat_qf3m2,frc4678,frc1241,frc7800,frc5912,frc6992,frc2609,78,52
2019onwat_qf4m1,frc4917,frc4976,frc7722,frc5039,frc5483,frc3739,61,47
2019onwat_qf4m2,frc4917,frc4976,frc7722,frc5039,frc5483,frc3739,69,51
2019onwat_qm1,frc7022,frc5912,frc4920,frc6854,frc5032,frc4976,36,15
2019onwat_qm10,frc5032,frc3683,frc5672,frc5912,frc4069,frc6330,35,35
2019onwat_qm11,frc6992,frc4917,frc4976,frc7800,frc1241,frc7722,33,40
2019onwat_qm12,frc3756,frc4617,frc4968,frc2702,frc4920,frc4678,29,47
2019onwat_qm13,frc6856,frc3739,frc1241,frc4069,frc6854,frc7664,50,54
2019onwat_qm14,frc6330,frc3683,frc7722,frc3161,frc772,frc2609,45,33
2019onwat_qm15,frc5039,frc4814,frc6875,frc5912,frc5672,frc7475,71,40
2019onwat_qm16,frc7022,frc4976,frc2056,frc4917,frc5032,frc5483,86,57
2019onwat_qm17,frc6875,frc6856,frc3756,frc3683,frc5039,frc5912,15,74
2019onwat_qm18,frc4968,frc4920,frc6854,frc5483,frc2609,frc4814,34,62
2019onwat_qm19,frc4678,frc4069,frc3739,frc2056,frc4917,frc5672,38,80
2019onwat_qm2,frc7475,frc5039,frc6856,frc2056,frc2609,frc4678,30,72
2019onwat_qm20,frc4617,frc7664,frc4976,frc7022,frc6330,frc7475,53,30
2019onwat_qm21,frc2702,frc3161,frc6992,frc772,frc5032,frc1241,47,55
2019onwat_qm22,frc4678,frc7800,frc7475,frc7722,frc6856,frc4917,50,43
2019onwat_qm23,frc6992,frc3683,frc4968,frc7022,frc7664,frc3739,56,39
2019onwat_qm24,frc772,frc5672,frc6854,frc4920,frc7800,frc2056,32,67
2019onwat_qm25,frc5032,frc2609,frc6875,frc4617,frc5483,frc4069,19,60
2019onwat_qm26,frc4814,frc3756,frc2702,frc5039,frc4976,frc3161,52,46
2019onwat_qm27,frc5912,frc7722,frc4678,frc1241,frc6330,frc5483,62,68
2019onwat_qm28,frc6854,frc6875,frc3161,frc7664,frc4968,frc4917,27,49
2019onwat_qm29,frc1241,frc7475,frc4976,frc3739,frc772,frc3756,73,45
2019onwat_qm3,frc772,frc2702,frc4069,frc4814,frc4968,frc6330,54,39
2019onwat_qm30,frc7722,frc4069,frc7022,frc6856,frc4814,frc4920,46,33
2019onwat_qm31,frc5912,frc7800,frc5032,frc2609,frc5039,frc6992,42,68
2019onwat_qm32,frc6330,frc2702,frc5672,frc3683,frc4617,frc2056,38,74
2019onwat_qm33,frc7664,frc5483,frc4920,frc3739,frc3161,frc5032,47,33
2019onwat_qm34,frc772,frc4678,frc5039,frc5672,frc7022,frc7800,69,38
2019onwat_qm35,frc4069,frc4968,frc2609,frc3756,frc4976,frc3683,65,73
2019onwat_qm36,frc6875,frc5912,frc2056,frc7475,frc4917,frc2702,69,43
2019onwat_qm37,frc6992,frc1241,frc4814,frc6330,frc4617,frc6856,62,21
2019onwat_qm38,frc6854,frc3739,frc3683,frc7722,frc7475,frc772,80,44
2019onwat_qm39,frc4069,frc4814,frc4917,frc7800,frc6992,frc7664,34,48
2019onwat_qm4,frc3756,frc6992,frc7722,frc5672,frc7664,frc1241,34,63
2019onwat_qm40,frc6854,frc2702,frc7022,frc5672,frc4678,frc3161,39,41
2019onwat_qm41,frc4968,frc4976,frc5912,frc6856,frc2056,frc5032,55,63
2019onwat_qm42,frc7722,frc4617,frc2609,frc6330,frc5039,frc4920,35,39
2019onwat_qm43,frc1241,frc3756,frc7022,frc5483,frc6875,frc7800,53,30
2019onwat_qm44,frc5032,frc7475,frc4814,frc6992,frc772,frc4617,32,36
2019onwat_qm45,frc7664,frc4678,frc3683,frc1241,frc4920,frc2609,75,53
2019onwat_qm46,frc4976,frc6330,frc6875,frc2056,frc6854,frc5039,33,72
2019onwat_qm47,frc3161,frc4917,frc5912,frc3739,frc7722,frc4968,40,38
2019onwat_qm48,frc6856,frc2702,frc5483,frc3756,frc5672,frc4069,45,35
2019onwat_qm49,frc4814,frc2056,frc3161,frc5912,frc6854,frc6992,61,44
2019onwat_qm5,frc4617,frc7800,frc4917,frc5483,frc3161,frc3683,38,49
2019onwat_qm50,frc3683,frc1241,frc4069,frc5672,frc7722,frc5039,101,41
2019onwat_qm51,frc4920,frc6875,frc4617,frc4976,frc6856,frc772,30,42
2019onwat_qm52,frc3739,frc7475,frc5483,frc7800,frc2609,frc2702,25,51
2019onwat_qm53,frc7664,frc5032,frc6330,frc4917,frc4678,frc3756,39,69
2019onwat_qm54,frc4968,frc2056,frc1241,frc4814,frc3683,frc7022,106,62
2019onwat_qm55,frc4678,frc6992,frc5032,frc7800,frc6854,frc3756,62,35
2019onwat_qm56,frc4976,frc5483,frc5672,frc7475,frc4968,frc6856,53,35
2019onwat_qm57,frc5039,frc7022,frc4617,frc7664,frc7722,frc2702,47,61
2019onwat_qm58,frc4917,frc772,frc6330,frc2609,frc5912,frc3739,46,59
2019onwat_qm59,frc4920,frc3161,frc7722,frc6875,frc4069,frc6992,35,56
2019onwat_qm6,frc4920,frc6992,frc3739,frc6875,frc7022,frc4678,39,39
2019onwat_qm60,frc2609,frc5672,frc6856,frc5032,frc7022,frc4968,39,42
2019onwat_qm61,frc2056,frc3756,frc7664,frc2702,frc5912,frc4617,89,47
2019onwat_qm62,frc3161,frc6330,frc7800,frc4976,frc3739,frc4814,17,65
2019onwat_qm63,frc4917,frc1241,frc5039,frc4069,frc4920,frc7475,59,30
2019onwat_qm64,frc4678,frc5483,frc6854,frc3683,frc6875,frc772,45,64
2019onwat_qm7,frc7475,frc3756,frc2609,frc4617,frc4814,frc6854,38,37
2019onwat_qm8,frc5483,frc2056,frc772,frc3161,frc6856,frc7664,68,30
2019onwat_qm9,frc5039,frc3739,frc7800,frc4968,frc2702,frc6875,47,35
2019onwat_sf1m1,frc3683,frc2056,frc5672,frc2702,frc4069,frc7022,139,64
2019onwat_sf1m2,frc3683,frc2056,frc5672,frc2702,frc4069,frc7022,97,75
2019onwat_sf2m1,frc4678,frc1241,frc7800,frc4917,frc4976,frc7722,73,66
2019onwat_sf2m2,frc4678,frc1241,frc7800,frc4917,frc4976,frc7722,65,55
2019onwin_f1m1,frc1285,frc1114,frc7480,frc772,frc4936,frc4992,95,59
2019onwin_f1m2,frc1285,frc1114,frc7480,frc772,frc4936,frc4992,86,45
2019onwin_qf1m1,frc1285,frc1114,frc7480,frc4920,frc7058,frc2935,85,63
2019onwin_qf1m2,frc1285,frc1114,frc7480,frc4920,frc7058,frc2935,95,52
2019onwin_qf2m1,frc2852,frc6544,frc2198,frc4903,frc4039,frc771,46,76
2019onwin_qf2m2,frc2852,frc6544,frc2198,frc4903,frc4039,frc771,63,74
2019onwin_qf3m1,frc772,frc4936,frc4992,frc2634,frc5409,frc5426,61,33
2019onwin_qf3m2,frc772,frc4936,frc4992,frc2634,frc5409,frc5426,65,69
2019onwin_qf3m3,frc772,frc4936,frc4992,frc2634,frc5409,frc5426,68,63
2019onwin_qf4m1,frc4688,frc7136,frc4932,frc865,frc5885,frc7757,61,64
2019onwin_qf4m2,frc4688,frc7136,frc4932,frc865,frc5885,frc7757,72,55
2019onwin_qf4m3,frc4688,frc7136,frc4932,frc865,frc5885,frc7757,61,56
2019onwin_qm1,frc6052,frc2198,frc4932,frc5885,frc4992,frc4938,32,45
2019onwin_qm10,frc4903,frc6544,frc7800,frc5426,frc5885,frc4940,58,50
2019onwin_qm11,frc4938,frc5821,frc6052,frc773,frc6537,frc7136,43,29
2019onwin_qm12,frc2634,frc4595,frc2198,frc1114,frc4932,frc5911,50,54
2019onwin_qm13,frc4920,frc1285,frc7480,frc865,frc5689,frc7058,59,57
2019onwin_qm14,frc2852,frc773,frc4688,frc6881,frc772,frc6875,58,39
2019onwin_qm15,frc2198,frc4903,frc6202,frc4595,frc5408,frc5821,62,31
2019onwin_qm16,frc2935,frc4932,frc7757,frc5426,frc6544,frc5409,51,56
2019onwin_qm17,frc7480,frc6537,frc7058,frc2634,frc7136,frc4920,48,63
2019onwin_qm18,frc5885,frc5689,frc6331,frc4992,frc6052,frc865,62,56
2019onwin_qm19,frc2852,frc4938,frc1285,frc7800,frc4940,frc4936,72,37
2019onwin_qm2,frc5408,frc6202,frc7800,frc4688,frc6881,frc6544,30,41
2019onwin_qm20,frc6725,frc5911,frc771,frc4039,frc1114,frc6881,33,62
2019onwin_qm21,frc4595,frc6052,frc5689,frc4688,frc4903,frc6875,30,87
2019onwin_qm22,frc5821,frc2852,frc4920,frc6202,frc4938,frc6544,43,47
2019onwin_qm23,frc865,frc4932,frc6331,frc771,frc5408,frc4936,42,48
2019onwin_qm24,frc2634,frc5409,frc7757,frc1285,frc4992,frc1114,51,65
2019onwin_qm25,frc4039,frc7480,frc5885,frc772,frc5426,frc6537,70,42
2019onwin_qm26,frc6725,frc7800,frc773,frc7058,frc5911,frc2198,14,44
2019onwin_qm27,frc7136,frc1285,frc6881,frc6875,frc2935,frc4940,65,49
2019onwin_qm28,frc772,frc1114,frc4938,frc6331,frc5408,frc6052,77,47
2019onwin_qm29,frc4932,frc5885,frc7800,frc6202,frc4595,frc7480,69,43
2019onwin_qm3,frc5911,frc7136,frc772,frc5689,frc4920,frc4940,44,38
2019onwin_qm30,frc4992,frc773,frc2935,frc6537,frc4920,frc771,21,57
2019onwin_qm31,frc7058,frc4688,frc6725,frc5409,frc4940,frc2852,60,84
2019onwin_qm32,frc6544,frc4936,frc5911,frc4903,frc7757,frc7136,62,60
2019onwin_qm33,frc6881,frc2634,frc5689,frc2198,frc5426,frc5821,56,35
2019onwin_qm34,frc4039,frc2852,frc5408,frc5409,frc5885,frc865,80,82
2019onwin_qm35,frc7480,frc6875,frc4992,frc7136,frc4938,frc2935,42,47
2019onwin_qm36,frc5689,frc773,frc772,frc1114,frc7800,frc5821,33,66
2019onwin_qm37,frc771,frc865,frc5426,frc4920,frc6725,frc4595,43,50
2019onwin_qm38,frc4940,frc7757,frc2198,frc6881,frc6537,frc6052,81,19
2019onwin_qm39,frc1285,frc4903,frc4936,frc4688,frc2634,frc6202,82,53
2019onwin_qm4,frc6875,frc5821,frc6537,frc7480,frc5409,frc4936,33,59
2019onwin_qm40,frc4932,frc7058,frc6544,frc6331,frc4039,frc5911,72,70
2019onwin_qm41,frc865,frc772,frc6725,frc4938,frc6875,frc4595,53,36
2019onwin_qm42,frc7800,frc6537,frc5409,frc4903,frc2935,frc5408,39,40
2019onwin_qm43,frc6202,frc4936,frc5426,frc6052,frc773,frc5911,41,33
2019onwin_qm44,frc4940,frc6331,frc2634,frc5885,frc6881,frc4920,67,52
2019onwin_qm45,frc1285,frc6544,frc771,frc5689,frc2198,frc4039,69,56
2019onwin_qm46,frc7136,frc1114,frc2852,frc4932,frc4688,frc7480,87,63
2019onwin_qm47,frc5821,frc4992,frc4940,frc7757,frc7058,frc7800,50,30
2019onwin_qm48,frc4595,frc5911,frc5426,frc6537,frc6331,frc1285,43,48
2019onwin_qm49,frc2935,frc7480,frc2634,frc6202,frc6052,frc6725,74,44
2019onwin_qm5,frc771,frc2935,frc4595,frc2852,frc865,frc7757,54,69
2019onwin_qm50,frc7757,frc4039,frc4938,frc4936,frc5885,frc2852,65,65
2019onwin_qm51,frc4992,frc4932,frc6881,frc4903,frc865,frc5821,54,74
2019onwin_qm52,frc6875,frc6544,frc7136,frc773,frc771,frc1114,51,86
2019onwin_qm53,frc4688,frc2198,frc772,frc4920,frc5409,frc7058,65,44
2019onwin_qm54,frc5408,frc5911,frc6537,frc5689,frc4992,frc2852,29,72
2019onwin_qm55,frc7757,frc6331,frc6875,frc4940,frc7480,frc4903,45,59
2019onwin_qm56,frc5885,frc4595,frc7058,frc773,frc5821,frc6202,58,30
2019onwin_qm57,frc2935,frc1285,frc5689,frc4936,frc772,frc4932,65,58
2019onwin_qm58,frc6544,frc4920,frc6052,frc5408,frc5409,frc6725,57,95
2019onwin_qm59,frc5426,frc1114,frc4688,frc4938,frc771,frc2634,82,45
2019onwin_qm6,frc773,frc4903,frc6331,frc2634,frc6725,frc4039,63,61
2019onwin_qm60,frc865,frc4039,frc7136,frc7800,frc6881,frc2198,88,37
2019onwin_qm61,frc2935,frc6052,frc5885,frc5821,frc7058,frc1285,55,57
2019onwin_qm62,frc6537,frc4688,frc7757,frc4932,frc6725,frc5689,63,61
2019onwin_qm63,frc4936,frc4595,frc1114,frc4920,frc7800,frc4992,92,58
2019onwin_qm64,frc6331,frc2852,frc6202,frc2198,frc6875,frc773,60,64
2019onwin_qm65,frc5408,frc865,frc2634,frc6544,frc4940,frc4039,75,63
2019onwin_qm66,frc5911,frc4938,frc4903,frc7480,frc771,frc772,47,73
2019onwin_qm67,frc5409,frc7136,frc4992,frc5426,frc6881,frc6331,65,40
2019onwin_qm68,frc6202,frc7757,frc4920,frc6875,frc4039,frc4932,62,65
2019onwin_qm69,frc6537,frc4936,frc2935,frc1114,frc2198,frc865,56,82
2019onwin_qm7,frc7058,frc1114,frc5408,frc1285,frc6875,frc5426,62,45
2019onwin_qm70,frc4595,frc5409,frc6881,frc4938,frc5689,frc7480,64,39
2019onwin_qm71,frc6725,frc5821,frc5885,frc5911,frc4688,frc1285,53,65
2019onwin_qm72,frc7800,frc2852,frc771,frc6052,frc2634,frc4903,51,62
2019onwin_qm73,frc7058,frc5426,frc773,frc6544,frc772,frc5408,40,84
2019onwin_qm74,frc4940,frc6725,frc6537,frc7136,frc6202,frc4932,60,62
2019onwin_qm75,frc5409,frc5689,frc6875,frc5911,frc2634,frc5885,39,69
2019onwin_qm76,frc6881,frc771,frc4903,frc4936,frc7058,frc4938,48,49
2019onwin_qm77,frc6331,frc4920,frc772,frc2935,frc7800,frc865,58,47
2019onwin_qm78,frc2198,frc5408,frc1285,frc7757,frc7480,frc773,55,32
2019onwin_qm79,frc4992,frc5426,frc4039,frc5821,frc7136,frc4688,75,48
2019onwin_qm8,frc772,frc6202,frc5409,frc771,frc7757,frc4992,44,52
2019onwin_qm80,frc6052,frc4940,frc1114,frc2852,frc6544,frc4595,83,54
2019onwin_qm9,frc4039,frc4936,frc4688,frc6725,frc6331,frc2935,72,48
2019onwin_sf1m1,frc1285,frc1114,frc7480,frc4903,frc4039,frc771,89,53
2019onwin_sf1m2,frc1285,frc1114,frc7480,frc4903,frc4039,frc771,84,82
2019onwin_sf2m1,frc772,frc4936,frc4992,frc4688,frc7136,frc4932,63,61
2019onwin_sf2m2,frc772,frc4936,frc4992,frc4688,frc7136,frc4932,60,58
